objectid,site_name,address,phone_number,category,zip_code,temporary_closure,category_type,site_key,status,website,x,y,hours_mon_start1,hours_mon_end1,hours_mon_start2,hours_mon_end2,hours_mon_exceptions,hours_tues_start1,hours_tues_end1,hours_tues_start2,hours_tues_end2,hours_tues_exceptions,hours_wed_start1,hours_wed_end1,hours_wed_start2,hours_wed_end2,hours_wed_exceptions,hours_thurs_start1,hours_thurs_end1,hours_thurs_start2,hours_thurs_end2,hours_thurs_exceptions,hours_fri_start1,hours_fri_end1,hours_fri_start2,hours_fri_end2,hours_fri_exceptions,hours_sat_start1,hours_sat_end1,hours_sat_start2,hours_sat_end2,hours_sat_exceptions,hours_sun_start1,hours_sun_end1,hours_sun_start2,hours_sun_end2,hours_sun_exceptions,email,seasonally_closed
104,Nativity Satellite Program,3255 Belgrade St,215-423-2772,PCA,19134,,Senior Meal Site,1.0,Active,https://www.pcacares.org/,-75.10278303,39.98691001,,,,,,,,,,,,,,,,,,,,,,,,,,,,,,,,,,,,,
118,King Older Adult Center,2100 W. Cecil B. Moore Ave.,215-685-2715,PPR_Senior,19121,,Senior Meal Site,2.0,Active,https://www.phila.gov/programs/programs-for-older-adults/,-75.1696037,39.97998455,,,,,,,,,,,,,,,,,,,,,,,,,,,,,,,,,,,,,
219,Bethel Worship Center,169 W. Wyoming Ave.,267-979-3718,SHARE FOOD PROGRAM,19120,,Food Site,227.0,Active,https://www.sharefoodprogram.org/,-75.12701983,40.02204029,09:00:00,13:00:00,,,,,,,,,,,,,,,,,,,,,,,,,,,,,,,,,,,
220,Hope Prison Ministries,735 W. Butler St.,610-633-1789,SHARE FOOD PROGRAM,19120,,Food Site,210.0,Active,https://www.sharefoodprogram.org/,-75.13759271,40.02649652,10:00:00,14:00:00,,,,,,,,,,,,,,,,,,,10:00:00,14:00:00,,,,,,,,,,,,,,,
221,Frontline Dads (410 N 34th St.),410 N 34th St,(484) 532-8772,SHARE FOOD PROGRAM,19104,,Food Site,208.0,Permanently Closed,https://www.sharefoodprogram.org/,-75.19128904,39.96170764,,,,,,,,,,,,,,,,11:30:00,13:00:00,,,,,,,,,11:30,13:00,,,,,,,,,,
223,New Life Community Center,4726 N Broad St,267-766-2945,SHARE FOOD PROGRAM,19141,,Food Site,211.0,Active,https://www.sharefoodprogram.org/,-75.14790726,40.02544206,,,,,,07:00:00,12:00:00,,,,,,,,,,,,,,,,,,,,,,,,,,,,,,
226,Family Support Circle,2059 E Chelten Ave,267-335-5857,SHARE FOOD PROGRAM,19138,,Food Site,205.0,Active,https://www.sharefoodprogram.org/,-75.15405898,40.05188536,,,,,,10:00:00,16:00:00,,,Open on second and fourth Tuesdays of the month,,,,,,,,,,,,,,,,,,,,,,,,,,,
227,Second Antioch Baptist Church,912 N 41st St,215-387-6774,SHARE FOOD PROGRAM,19104,,Food Site,203.0,Active,https://www.sharefoodprogram.org/,-75.20607914,39.97080192,,,,,,,,,,,12:00:00,14:00:00,,,,,,,,,,,,,,09:00,11:00,,,,,,,,,,
228,Resurrection Community Church,6200 Dicks Ave,215-724-0822,PHILABUNDANCE/SHARE FOOD PROGRAM,19142,,Food Site,212.0,Active,https://www.sharefoodprogram.org/,-75.22391889,39.92224244,,,,,,,,,,,10:00:00,12:00:00,,,,,,,,,,,,,,,,,,,,,,,,,
230,St. Benedict Food Bank,1940 E Chelten Ave,215-548-2700,SHARE FOOD PROGRAM,19138,,Food Site,213.0,Active,https://www.sharefoodprogram.org/,-75.15165703,40.0515649,10:00:00,11:30:00,,,,,,,,,,,,,,,,,,,10:00:00,11:30:00,,,,,,,,,,,,,,,
247,George Washington High School Pantry,10175 Bustleton Ave,267-432-3625,PHILABUNDANCE,19116,,Food Site,243.0,Active,https://www.philabundance.org/,-75.02601768,40.10591552,14:00:00,15:00:00,,,,,,,,,11:00:00,13:00:00,,,,,,,,,,,,,,,,,,,,,,,,,
266,"The Reid Foundation, Inc. at Always Independent",9150 Marshall Street,484-684-9867,SHARE FOOD PROGRAM,19114,,Food Site,,Active,https://www.sharefoodprogram.org/,-75.03133598,40.07240979,,,,,,,,,,,08:00:00,12:00:00,,,,,,,,,,,,,,,,,,,,,,,,,
269,Church of Pentecost,2530 Wharton St,215-372-7307,SHARE FOOD PROGRAM,19146,,Food Site,,Active,https://www.sharefoodprogram.org/,-75.18692388,39.93649478,,,,,,,,,,,,,,,,,,,,,,,,,,10:00,12:00,,,,,,,,,,
270,Friends Rehabilitation Program,704 W Girard Ave,215-825-8800,SHARE FOOD PROGRAM,19123,,Food Site,,Active  ,https://www.sharefoodprogram.org/,-75.14848012,39.97021618,,,,,,,,,,,,,,,,,,,,,10:00:00,11:00:00,,,,,,,,,,,,,,,
272,North Philadelphia SDA Church,1510 W Oxford St,215-235-1001,SHARE FOOD PROGRAM,19121,,Food Site,,Active,https://www.sharefoodprogram.org/,-75.16113704,39.97751359,,,,,,07:00:00,11:00:00,,,,,,,,,,,,,,,,,,,,,,,,,,,,,,
275,Revelation Philadelphia Ministry Inc,7047 Buist Ave,267-901-5293,SHARE FOOD PROGRAM,19142,,Food Site,,Active,https://www.sharefoodprogram.org/,-75.2374023,39.91525876,,,,,,,,,,,,,,,,,,,,,,,,,,09:00,14:00,,,,,,,,,,
279,Brand New Life Christian Center,6301 Germantown Ave,,PHILABUNDANCE,19144,,Food Site,,Active,https://www.philabundance.org/,-75.1806657,40.04373858,,,,,,,,,,,,,,,,,,,,,,,,,,11:00,13:00,,,,,,,,,,
280,Brewerytown Sharswood Coalition,3000 W Master St,267-858-4246,PHILABUNDANCE,19121,,Food Site,,Active,https://www.philabundance.org/,-75.18537684,39.97736743,,,,,,,,,,,,,,,,,,,,,11:00:00,16:00:00,,,,,,,,,,,,,,,
282,Ezekiel Baptist Church,5701 Grays Ave,215-727-2663,PHILABUNDANCE,19143,,Food Site,,Active,https://www.philabundance.org/,-75.22163117,39.93096142,,,,,,,,,,,,,,,,08:00:00,10:30:00,,,,,,,,,,,,,,,,,,,,
283,Good Samaritan Baptist Church,6148-6150 Lansdowne Ave,(215) 877-7537,PHILABUNDANCE,19151,,Food Site,,Active,https://www.philabundance.org/,-75.24340366,39.9753951,,,,,,,,,,,08:30:00,13:00:00,,,,,,,,,11:30:00,15:00:00,,,,,,,,,,,,,,,
284,Kitchen of Love,8500 Pickering Ave,,PHILABUNDANCE,19150,,Food Site,,Active,https://www.philabundance.org/,-75.17462411,40.08134157,,,,,,,,,,,08:30:00,09:30:00,,,,08:30:00,09:30:00,,,,08:30:00,10:00:00,,,,,,,,,,,,,,,
285,New Testament Church of God,935 S 53rd St,(215) 472-6630,SHARE FOOD PROGRAM,19143,,Food Site,,Active,https://www.sharefoodprogram.org/,-75.22704018,39.9456065,,,,,,,,,,,,,,,,,,,,,,,,,,12:00,14:00,,,Open on first and third Saturdays of the month,,,,,,,
294,Gather the People House of Prayer,1429 W Clearfield St,267-300-2397,SHARE FOOD PROGRAM,19138,,Food Site,,Active,https://www.sharefoodprogram.org/,-75.15419266,40.00026453,,,,,,,,,,,,,,,,,,,,,,,,,,10:00,12:00,,,,,,,,,,
296,Interfaith Food Cupboard,3600 Baring St,,SHARE FOOD PROGRAM,19104,,Food Site,,Active,https://www.sharefoodprogram.org/,-75.19417976,39.96088086,,,,,,,,,,,,,,,,,,,,,,,,,,09:30,11:30,,,,,,,,,,
297,Kingdom Life Christian Center,6325 Frankford Ave.,267-343-5183,SHARE FOOD PROGRAM,19135,,Food Site,,Active,https://www.sharefoodprogram.org/,-75.05876429,40.02796708,,,,,,,,,,,10:00:00,12:00:00,,,Open on the second and fourth Wednesdays of the month,,,,,,,,,,,,,,,,,,,,,,
298,MAP Holistic CDC (Mankind Against Poverty),1510 W Stiles St,215-235-2500,SHARE FOOD PROGRAM,19121,,Food Site,,Active,https://www.sharefoodprogram.org/,-75.16149933,39.9725544,,,,,,,,,,,09:00:00,12:00:00,,,,,,,,,,,,,,,,,,,,,,,,,
300,St Paul A.M.E. Church,8398 Lindbergh Blvd,267-593-9631,SHARE FOOD PROGRAM,19153,,Food Site,,Active,https://www.sharefoodprogram.org/,-75.25162369,39.89766769,,,,,,,,,,,,,,,,10:00:00,12:00:00,,,,,,,,,,,,,,,,,,,,
324,Grace Tabernacle Christian Church,1519 S 52nd St,,PHILABUNDANCE,19143,,Food Site,,Active,https://www.philabundance.org/,-75.21664267,39.93886863,,,,,,,,,,,,,,,,11:00:00,13:00:00,,,,,,,,,,,,,,,,,,,,
332,Norris Homes/North Central Community Center,2000 N 11th St,267-456-4236,SHARE FOOD PROGRAM,19122,,Food Site,,Active,https://www.sharefoodprogram.org/,-75.15170413,39.98293998,13:00:00,16:00:00,,,Open on second and fourth Mondays of the month,,,,,,,,,,,,,,,,,,,,,,,,,,,,,,,,
374,James Varick AME Zion Church,2001 Reed Street,215-895-3470,NDS,19146,,,,,https://nutritionaldevelopmentservices.org/,-75.17750994,39.93433159,,,,,,,,,,,,,,,,,,,,,11:10:00,13:00:00,,,,,,,,,,,,,,,
376,Centre d'Adoration Chretienne,4520 Benner St,215-543-2589 or 215-288-1408,SHARE FOOD PROGRAM,19135,,Food Site,,Active,https://www.sharefoodprogram.org/,-75.05905046,40.01987579,,,,,,19:30:00,20:30:00,,,,,,,,,,,,,,,,,,,,,,,,,,,,,,
377,Consortium Community Mental Health Center,137 S. 58th St.,267-259-0648,SHARE FOOD PROGRAM,19153,,Food Site,,Active,https://www.sharefoodprogram.org/,-75.23715481,39.9585887,,,,,,09:00:00,12:00:00,,,Open on second and fourth Tuesdays of the month,,,,,,,,,,,,,,,,,,,,,,,,,,,
378,Courtyard Apartments at Riverview,1021 South 4th St,215-551-7091,SHARE FOOD PROGRAM,19147,,Food Site,,Active,https://www.sharefoodprogram.org/,-75.15018066,39.9348904,,,,,,,,,,,15:00:00,17:00:00,,,Open on first and third Wednesdays of the month,,,,,,,,,,,,,,,,,,,,,,
380,Haddington Overbrook Resident Council,648 N 57th St,267-319-2223,SHARE FOOD PROGRAM,19131,,Food Site,,Active,https://www.sharefoodprogram.org/,-75.23434846,39.96989905,,,,,,,,,,,,,,,,,,,,,,,,,,10:00,13:00,,,,,,,,,,
381,Katie's Cupboard at Tabor,4860 N Howard St,215-455-1706,SHARE FOOD PROGRAM,,,Food Site,,Active,https://www.sharefoodprogram.org/,-75.1250505,40.02458619,,,,,,,,,,,,,,,,10:00:00,12:00:00,,,,,,,,,,,,,,,,,,,,
383,Mantua Haverford Community Center/Mt. Vernon Manor CDC,1103 N. 40th St.,215-475-9492,SHARE FOOD PROGRAM,19104,,Food Site,,Active,https://www.sharefoodprogram.org/,-75.19961741,39.96407033,,,,,,,,,,,10:00:00,12:00:00,,,,,,,,,,,,,,,,,,,,,,,,,
384,Men Who Care of Germantown Inc,180 E Tulpehocken St,267-335-4786,SHARE FOOD PROGRAM,19144,,Food Site,,Active,https://www.sharefoodprogram.org/,-75.17660296,40.04505992,,,,,,,,,,,,,,,,,,,,,,,,,,10:00,13:00,,,,,,,,,,
385,Mount Hebron Baptist Church,1419 Wharton St,267-441-6680,PHILABUNDANCE/SHARE FOOD PROGRAM,19146,,Food Site,,Active,https://www.sharefoodprogram.org/,-75.16860444,39.93441271,,,,,,,,,,,,,,,,10:00:00,13:00:00,,,Open on first and third Thursdays of the month,,,,,,,,,,,,,,,,,
386,New Bethany Baptist Church,1415 S 23rd St,215-336-4166,SHARE FOOD PROGRAM,19146,,Food Site,,Active,https://www.sharefoodprogram.org/,-75.1825017,39.9343041,,,,,,,,,,,,,,,,,,,,,,,,,,12:00,14:00,,,Open on second and fourth Saturdays of the month,,,,,,,
387,Reconciliation And Liberty Bible Church,6027 Chestnut St,267-237-1763,SHARE FOOD PROGRAM,19139,,Food Site,,Active,https://www.sharefoodprogram.org/,-75.24198807,39.96075502,,,,,,,,,,,,,,,,,,,,,,,,,,10:00,12:00,,,,,,,,,,
388,The Charles Foundation,605 N 52nd St,215-868-9543,SHARE FOOD PROGRAM,19131,,Food Site,,Active,https://www.sharefoodprogram.org/,-75.22512083,39.96970081,10:00:00,12:00:00,,,Open on first and third Mondays of the month,,,,,,,,,,,,,,,,,,,,,,,,,,,,,,,,
390,Women Walking in Victory,2441 N 29th St,215-908-5286,SHARE FOOD PROGRAM,19132,,Food Site,,Active,https://www.sharefoodprogram.org/,-75.17919462,39.99338217,,,,,,10:00:00,12:00:00,,,,,,,,,,,,,,,,,,,,,,,,,,,,,,
396,Jerusalem French Church,537 E. Wyoming Ave.,267-439-1246,SHARE FOOD PROGRAM,19120,,Food Site,194.0,Active,https://www.sharefoodprogram.org/,-75.11483996,40.02055924,,,,,,11:00:00,13:00:00,,,,,,,,,,,,,,,,,,,,,,,,,,,,,,
398,Philly House,302 N 13th St.,215-922-6400,Office of Homeless Services,19107,,General Meal Site,,Active,https://www.phila.gov/departments/office-of-homeless-services/,-75.16027272,39.95810147,12:00:00,13:00:00,17:00:00,18:00:00,,12:00:00,13:00:00,17:00:00,18:00:00,,12:00:00,13:00:00,17:00:00,18:00:00,,12:00:00,13:00:00,17:00:00,18:00:00,,12:00:00,13:00:00,17:00:00,18:00:00,,12:00,13:00,17:00:00,18:00:00,,12:00:00,13:00:00,17:00:00,18:00:00,,,
400,St. Francis Inn,2441 Kensington Ave,215-423-5845,Office of Homeless Services,19125,,General Meal Site,,Active,https://www.phila.gov/departments/office-of-homeless-services/,-75.13057983,39.98687618,16:30:00,18:00:00,,,,10:00:00,11:00:00,16:30:00,18:00:00,,10:00:00,11:00:00,16:30:00,18:00:00,,10:00:00,11:00:00,16:30:00,18:00:00,,11:30:00,13:00:00,,,,11:30,13:00,,,,11:30:00,13:00:00,,,,,
401,Living Word Community,142 N. 17th St,215-563-1322,Office of Homeless Services,19103,,General Meal Site,,Active,https://www.phila.gov/departments/office-of-homeless-services/,-75.16790537,39.95649388,,,,,,,,,,,,,,,,,,,,,,,,,,09:00,10:00,11:30:00,12:00:00,,,,,,,,
402,"Church of the Holy Trinity, Open Hearts Cafe",1904 Walnut St,215-567-1267,Office of Homeless Services,19103,,General Meal Site,,Active,https://www.phila.gov/departments/office-of-homeless-services/,-75.17324104,39.95032971,,,,,,15:00:00,17:00:00,,,,,,,,,,,,,,,,,,,,,,,,16:00:00,18:00:00,,,,,
403,Lutheran Settlement House,1340 Frankford Ave.,215-426-8610,PCA,19125,,Senior Meal Site,3.0,Active,https://www.pcacares.org/,-75.13466968,39.97141434,,,,,,,,,,,,,,,,,,,,,,,,,,,,,,,,,,,,,
404,Mann Older Adult Center,3201 N. 5th St.,215-685-9844,PCA,19140,,Senior Meal Site,4.0,Active,https://www.pcacares.org/,-75.13810357,40.0003955,,,,,,,,,,,,,,,,,,,,,,,,,,,,,,,,,,,,,
405,Northern Living Center,827 N Franklin St.,215-978-1300,PCA,19123,,Senior Meal Site,5.0,Active,https://www.pcacares.org/,-75.14984274,39.96634569,,,,,,,,,,,,,,,,,,,,,,,,,,,,,,,,,,,,,
406,On Lok House Satellite,219 N. 10th St.,215-599-3016,PCA,19107,,Senior Meal Site,6.0,Active,https://www.pcacares.org/,-75.15564685,39.95584774,,,,,,,,,,,,,,,,,,,,,,,,,,,,,,,,,,,,,
407,Philadelphia Senior Center - Allegheny Branch,1900 W. Allegheny Ave.,267-286-1455,PCA,19132,,Senior Meal Site,7.0,Active,https://www.pcacares.org/,-75.16075115,40.00215162,,,,,,,,,,,,,,,,,,,,,,,,,,,,,,,,,,,,,
408,Center in the Park,5818 Germantown Ave.,215-848-7722,PCA,19144,,Senior Meal Site,8.0,Active,https://www.pcacares.org/,-75.1763186,40.03713672,,,,,,,,,,,,,,,,,,,,,,,,,,,,,,,,,,,,,
409,Philadelphia Housing Authority Emlen Arms,6733 Emlen St.,215-684-5893,PCA,19119,,Senior Meal Site,9.0,Active,https://www.pcacares.org/,-75.1897048,40.04955245,,,,,,,,,,,,,,,,,,,,,,,,,,,,,,,,,,,,,
410,Northeast Older Adult Center,8101 Bustleton Ave.,215-685-0576,PPR_Senior,19152,,Senior Meal Site,10.0,Active,https://www.phila.gov/programs/programs-for-older-adults/,-75.05129272,40.06263887,,,,,,,,,,,,,,,,,,,,,,,,,,,,,,,,,,,,,
411,Peter Brassi NE Senior Center,4744-46 Frankford Ave.,215-831-2926,PCA,19124,,Senior Meal Site,11.0,Active,https://www.pcacares.org/,-75.08326597,40.01798062,,,,,,,,,,,,,,,,,,,,,,,,,,,,,,,,,,,,,
412,Firehouse Active Adult Center,5331 Haverford Ave.,215-472-6188,PCA,19139,,Senior Meal Site,12.0,Active,https://www.pcacares.org/,-75.22753027,39.96630341,,,,,,,,,,,,,,,,,,,,,,,,,,,,,,,,,,,,,
413,West Philadelphia Senior Community Center,1016-26 N. 41st St.,215-386-0379,PCA,19104,,Senior Meal Site,13.0,Active,https://www.pcacares.org/,-75.20658712,39.9722447,,,,,,,,,,,,,,,,,,,,,,,,,,,,,,,,,,,,,
414,St. Edmonds Senior Community Center Catholic Housing and Community Services,2130 S 21st St.,215-790-9530,PCA,19145,,Senior Meal Site,14.0,Active,https://www.pcacares.org/,-75.18140473,39.92470503,,,,,,,,,,,,,,,,,,,,,,,,,,,,,,,,,,,,,
415,Marconi Older Adult Program,2433 S. 15th St.,215-218-0800,PCA,19145,,Senior Meal Site,15.0,Active,https://www.pcacares.org/,-75.17222185,39.91982347,,,,,,,,,,,,,,,,,,,,,,,,,,,,,,,,,,,,,
416,Philadelphia Housing Authority Cassie L. Holly Apts. Satelite,2100 Dickinson St.,215-684-3959,PCA,19146,,Senior Meal Site,16.0,Active,https://www.pcacares.org/,-75.18020371,39.93292194,,,,,,,,,,,,,,,,,,,,,,,,,,,,,,,,,,,,,
417,Philadelphia Housing Authority Wilson Park,2500 Jackson St.,215-684-3959,PCA,19145,,Senior Meal Site,17.0,Active,https://www.pcacares.org/,-75.18957459,39.92568293,,,,,,,,,,,,,,,,,,,,,,,,,,,,,,,,,,,,,
418,Philadelphia Senior Center - Avenue of the Arts and Asia-Pacific Senior Resource Center,509 S. Broad St.,215-546-5879,PCA,19147,,Senior Meal Site,18.0,Active,https://www.pcacares.org/,-75.16507683,39.94423741,,,,,,,,,,,,,,,,,,,,,,,,,,,,,,,,,,,,,
419,Catholic Housing and Community Services Star Harbor Senior Center Satellite,4700 Springfield Ave.,215-726-7468,PCA,19143,,Senior Meal Site,19.0,Active,https://www.pcacares.org/,-75.21508071,39.94673017,,,,,,,,,,,,,,,,,,,,,,,,,,,,,,,,,,,,,
420,Southwest Senior Center,6916 Elmwood Ave.,215-937-1880,PCA,19142,,Senior Meal Site,20.0,Active,https://www.pcacares.org/,-75.23639734,39.91763651,,,,,,,,,,,,,,,,,,,,,,,,,,,,,,,,,,,,,
421,CHCS Norris Square Center,2121 N. Howard St,215-423-7241,PCA,19122,,Senior Meal Site,21.0,Active,https://www.pcacares.org/,-75.13343031,39.98257945,,,,,,,,,,,,,,,,,,,,,,,,,,,,,,,,,,,,,
422,The Center at Journey’s Way,403 Rector St.,215-487-1750,PCA,19128,,Senior Meal Site,22.0,Active,https://www.pcacares.org/,-75.2140272,40.02763011,,,,,,,,,,,,,,,,,,,,,,,,,,,,,,,,,,,,,
423,Kleinlife Northeast &  Kleinlife Russian Satellite,10100 Jamison Ave.,215-698-7300,PCA,19116,,Senior Meal Site,23.0,Active,https://www.pcacares.org/,-75.02081947,40.10179544,,,,,,,,,,,,,,,,,,,,,,,,,,,,,,,,,,,,,
429,Mizpah SDA,4355 Paul St,215-535-5995,PHILABUNDANCE/SHARE FOOD PROGRAM,19124,,Food Site,29.0,Active,,-75.08627001,40.01156142,,,,,,09:00:00,12:00:00,,,,,,,,,,,,,,,,,,,,,,,,,,,,,,
431,Parkside Association of Philadelphia,"1719 N 52nd St, Suite G",,SHARE FOOD PROGRAM,19131,,Food Site,31.0,Active,https://www.sharefoodprogram.org/,-75.22407,39.981528,,,,,,,,,,,,,,,,08:00:00,11:00:00,,,,,,,,,,,,,,,,,,,,
432,Upper Room Missionary Baptist Church,7236 Ogontz Ave,(215)549-7311/ 267-593-4989 (Deacon Michael Bennett),PHILABUNDANCE,19138,,Food Site,32.0,Active,https://www.philabundance.org/,-75.1550985,40.064742,10:00:00,12:00:00,,,,09:00:00,11:00:00,,,,08:30:00,10:00:00,,,,09:00:00,11:00:00,,,,,,,,,,,,,,,,,,,,
451,Salvation Army Temple,1340 Brown St,215-787-2962,PHILABUNDANCE,19123,,Food Site,52.0,Active,https://www.philabundance.org/,-75.15940461,39.96785987,08:00:00,16:30:00,,,,08:00:00,16:30:00,,,,09:00:00,10:30:00,,,,08:00:00,16:30:00,,,,,,,,,,,,,,,,,,,,
458,Young Chances Foundation,2703 Tasker St,267-585-2923,SHARE FOOD PROGRAM,19145,,Food Site,59.0,Active,https://www.sharefoodprogram.org/,-75.1898385,39.933396,,,,,,,,,,,,,,,,14:00:00,18:00:00,,,Open on the second and fourth Thursday of the month,14:00:00,18:00:00,,,Open on the second and fourth Friday of the month,,,,,,,,,,,,
459,Feast of Justice (Tyson Ave),3101 Tyson Ave,"215-268-3510; registration@feastofjustice.org",PHILABUNDANCE/SHARE FOOD PROGRAM,19149,,Food Site,60.0,Active,https://www.sharefoodprogram.org/,-75.05291727,40.03723725,,,,,,09:00:00,11:00:00,11:00:00,12:00:00,Some hours are by appointment only.  Contact the site for more information.,10:00:00,12:00:00,16:00:00,19:00:00,Some hours are by appointment only.  Contact the site for more information.,17:30:00,19:00:00,,,Some hours are by appointment only. Contact the site for more information.,10:00:00,11:30:00,,,Some hours are by appointment only. Contact the site for more information.,10:00,12:00,13:00:00,16:00:00,Some hours are by appointment only.  Contact the site for more information.,,,,,,registration@feastofjustice.org,
734,Mighty Writers North,2300 Master St.,610-263-5379,PHILABUNDANCE,19121,,Food Site,,Active,https://www.philabundance.org/,-75.17426,39.976282,12:00:00,13:30:00,,,,12:00:00,13:30:00,,,,12:00:00,13:30:00,,,,12:00:00,13:30:00,,,,12:00:00,13:30:00,,,,,,,,,,,,,,,
776,Mighty Writers El Futuro,1025 S. 9th St.,215-602-0236,PHILABUNDANCE,19147,,Food Site,,Active,https://www.philabundance.org/,-75.1582623,39.9369036,11:30:00,13:00:00,,,,11:30:00,13:00:00,,,,11:30:00,13:00:00,,,,11:30:00,13:00:00,,,,11:30:00,13:00:00,,,,,,,,,,,,,,,
849,Broad Street Love,315 S Broad Street,,Office of Homeless Services,19107,,General Meal Site,151.0,Active,,-75.16491073,39.94635933,11:30:00,13:15:00,,,,11:30:00,13:15:00,,,,11:30:00,13:15:00,,,,11:30:00,13:15:00,,,,11:30:00,13:15:00,,,,,,,,,,,,,,,
850,Hub of Hope,"1401 JFK Pkway, Suburban Station Concourse (lower level)",,Office of Homeless Services,19102,,General Meal Site,152.0,Active,,-75.1644451,39.95420821,13:00:00,15:00:00,,,,13:00:00,15:00:00,,,,13:00:00,15:00:00,,,,13:00:00,15:00:00,,,,13:00:00,15:00:00,,,,13:00,15:00,,,,13:00:00,15:00:00,,,,,
852,Juniata Park Older Adult Center,1251 E. Sedgley Avenue,215-685-1490,PPR_Senior,19134,,Senior Meal Site,154.0,Active,https://www.phila.gov/programs/programs-for-older-adults/,-75.10444333,40.0036572,,,,,,,,,,,,,,,,,,,,,,,,,,,,,,,,,,,,,
853,West Oak Lane Senior Center,7210 Ogontz Avenue,,PPR_Senior,19138,,Senior Meal Site,155.0,Active,https://www.phila.gov/programs/programs-for-older-adults/,-75.15424454,40.06439259,,,,,,,,,,,,,,,,,,,,,,,,,,,,,,,,,,,,,
854,South Philly Older Adult Center,1430 E. Passyunk Avenue,215-685-1697,PPR_Senior,19147,,Senior Meal Site,156.0,Active,https://www.phila.gov/programs/programs-for-older-adults/,-75.1624561,39.93150618,,,,,,,,,,,,,,,,,,,,,,,,,,,,,,,,,,,,,
856,Iglesia Christiana Avivamiento,5500 Tabor Rd,(215) 856-3932,PHILABUNDANCE,19120,,Food Site,158.0,Active,https://www.philabundance.org/,-75.10408758,40.0364109,,,,,,10:00:00,17:00:00,,,,10:00:00,12:00:00,,,,,,,,,,,,,,,,,,,,,,,,,
858,Richard & Friends,1916 E Venango,,SHARE FOOD PROGRAM,19134,,Food Site,160.0,Active,https://www.sharefoodprogram.org/,-75.10274031,39.99969173,,,,,,,,,,,,,,,,,,,,,,,,,,,,,,,,,,,,,
892,Faith Chapel Church FCDC,108 E. Price St.,215-848-9660,PHILABUNDANCE,19144,,Food Site,195.0,Active,https://www.philabundance.org/,-75.17387338,40.03779948,,,,,,,,,,,,,,,,10:00:00,12:00:00,,,,,,,,,,,,,,,,,,,,
893,New Era Baptist Church,6618 Wyncote Ave.,,PHILABUNDANCE,19138,,Food Site,196.0,Active,https://www.philabundance.org/,-75.15397331,40.05556893,,,,,,,,,,,,,,,,09:00:00,10:30:00,,,,,,,,,,,,,,,,,,,,
897,10th St. Market (North 10),"3890 N. 10th St., 2nd Fl",267-908-9000 ext 232,PHILABUNDANCE,19140,,Food Site,200.0,Active,https://www.philabundance.org/,-75.1442912,40.01165849,,,,,,10:00:00,12:00:00,,,,,,,,,10:00:00,12:00:00,,,,,,,,,,,,,,,,,,,,
901,"The Center, Arch St. United Methodist Church
",55 N Broad St,215-568-6250,Office of Homeless Services,19107,,General Meal Site,,Active,https://www.phila.gov/departments/office-of-homeless-services/,-75.16294135,39.95413765,10:00:00,14:00:00,,,,10:00:00,14:00:00,,,,10:00:00,14:00:00,,,,10:00:00,14:00:00,,,,,,,,,,,,,,17:00:00,18:00:00,,,,,
902,Chosen 300,1116 Spring Garden St.,215-765-9806,Office of Homeless Services,19123,,General Meal Site,,Active,https://www.phila.gov/departments/office-of-homeless-services/,-75.15689482,39.96154726,18:00:00,19:00:00,,,,12:00:00,13:00:00,,,,18:00:00,19:00:00,,,,,,,,,18:00:00,19:00:00,,,,18:00,19:00,,,,09:30:00,10:30:00,,,,,
903,Chosen 300 West,3959 Lancaster Ave,215-765-9806,Office of Homeless Services,19104,,General Meal Site,,Active,https://www.phila.gov/departments/office-of-homeless-services/,-75.2020146,39.96314357,18:00:00,19:00:00,,,,,,,,,,,,,,,,,,,18:00:00,19:00:00,,,,,,,,,09:00:00,10:00:00,,,,,
904,UC Hospitality Coalition (Lutheran),"37th & Chestnut St
",610-639-4395,Office of Homeless Services,19104,,General Meal Site,,Active,https://www.phila.gov/departments/office-of-homeless-services/,-75.19620209,39.95522014,18:00:00,19:00:00,,,,,,,,,,,,,,,,,,,,,,,,,,,,,,,,,,,
905,UC Hospitality Coalition (Philadelphia Episcopal),"3717 Chestnut St.
",610-639-4395,Office of Homeless Services,19104,,General Meal Site,,Active,https://www.phila.gov/departments/office-of-homeless-services/,-75.19802957,39.95578897,,,,,,,,,,,18:00:00,19:00:00,,,,,,,,,,,,,,,,,,,,,,,,,
906,UC Hospitality Coalition (St. Mary's),3619 Locust Walk,610-639-4395,Office of Homeless Services,19104,,General Meal Site,,Active,https://www.phila.gov/departments/office-of-homeless-services/,-75.1958239,39.95226692,,,,,,,,,,,,,,,,18:00:00,19:00:00,,,,,,,,,,,,,,,,,,,,
907,UC Hospitality Coalition (Woodland),401 S 42nd St,610-639-4395,Office of Homeless Services,19104,,General Meal Site,,Active,https://www.phila.gov/departments/office-of-homeless-services/,-75.20689287,39.95094109,,,,,,,,,,,,,,,,,,,,,18:00:00,19:00:00,,,,,,,,,,,,,,,
909,Face to Face,123 E. Price St,215-438-7939,Office of Homeless Services,19144,,General Meal Site,,Active,https://www.phila.gov/departments/office-of-homeless-services/,-75.17409666,40.03836871,09:30:00,10:30:00,12:00:00,13:00:00,,,,,,,,,,,,09:30:00,10:30:00,12:00:00,13:00:00,,09:30:00,10:30:00,12:00:00,13:00:00,,09:30,10:30,12:00:00,13:00:00,,09:30:00,10:30:00,12:00:00,13:00:00,,,
914,Bethel Presbyterian Church,1800 W York St,"215-288-0328
",Office of Homeless Services,19132,,General Meal Site,,Active,https://www.phila.gov/departments/office-of-homeless-services/,-75.16384903,39.99032587,,,,,,,,,,,,,,,,12:00:00,14:00:00,,,,,,,,,12:00,14:00,,,,,,,,,,
915,St. John's Hospice,1221 Race St,215-563-7763,Office of Homeless Services,19107,,General Meal Site,,Active,https://www.phila.gov/departments/office-of-homeless-services/,-75.15998564,39.955993,12:00:00,13:00:00,16:00:00,17:00:00,,12:00:00,13:00:00,,,,12:00:00,13:00:00,16:00:00,17:00:00,,12:00:00,13:00:00,,,,12:00:00,13:00:00,16:00:00,17:00:00,,,,,,,,,,,,,
921,FAWN Food Pantry at Tilden Middle School,6601 Elmwood Ave (enter by parking lot on 66th St.),445-216-9766,PHILABUNDANCE,19142,,Food Site,,Active,https://www.philabundance.org/,-75.23233806,39.92161536,,,,,,,,,,,,,,,,,,,,,10:00:00,14:00:00,,,,,,,,,,,,,,,
923,Community Center at Visitation,2646 Kensington Ave,215-426-9422,PHILABUNDANCE,19125,,Food Site,,Active,https://nutritionaldevelopmentservices.org/,-75.12621979,39.98974959,09:00:00,12:00:00,,,,,,,,,,,,,,,,,,,,,,,,,,,,,,,,,,,
924,5th District Food Access at 10th and Poplar,1100 Poplar St.,215-645-2833,PHILABUNDANCE,19123,,Food Site,,Active,https://www.philabundance.org/,-75.15297373,39.96851304,,,,,,,,,,,,,,,,,,,,,14:00:00,16:00:00,,,,,,,,,,,,,,,
926,Catholic Social Services Southwest Family Service Center,6214 Grays Ave,215-724-8550,PHILABUNDANCE,19142,,Food Site,,Active,https://nutritionaldevelopmentservices.org/,-75.22823286,39.92565787,,,,,,,,,,,10:00:00,14:00:00,,,,,,,,,10:00:00,14:00:00,,,,,,,,,,,,,,,
927,Catholic Social Services Northeast Family Service Center,7340 Jackson St,"215-624-5920
",PHILABUNDANCE,19136,,Food Site,,Active,https://nutritionaldevelopmentservices.org/,-75.03538796,40.03323638,09:00:00,12:00:00,,,,,,,,,09:00:00,12:00:00,,,,,,,,,09:00:00,12:00:00,,,,,,,,,,,,,,,
928,Dreuding Center,1321 N. Lawrence St. Door Number 10,215-787-3263,PHILABUNDANCE,19122,,Food Site,,Active,https://nutritionaldevelopmentservices.org/,-75.14347187,39.97202578,,,,,,09:00:00,12:00:00,,,,,,,,,15:00:00,17:00:00,,,,,,,,,,,,,,,,,,,,
930,Mission of St. Joan of Arc Food Cupboard,3550 Frankford Ave,215-535-4641,Nutritional Development Services,19134,,Food Site,,Active,https://nutritionaldevelopmentservices.org/,-75.1023081,39.99783009,,,,,,10:00:00,12:00:00,,,,,,,,,10:00:00,12:00:00,,,,,,,,,,,,,,,,,,,,
931,Our Lady of Hope,5200 N. Broad St,215-868-1390,Nutritional Development Services,19141,,Food Site,,Active,https://nutritionaldevelopmentservices.org/,-75.14650947,40.03240392,14:00:00,16:00:00,,,,,,,,,,,,,,,,,,,,,,,,,,,,,,,,,,,
932,Rodeph Shalom,1339 Green St.,215-627-6747,Nutritional Development Services,19123,,Food Site,,Active,https://nutritionaldevelopmentservices.org/,-75.16080077,39.96362942,,,,,,,,,,,08:15:00,10:00:00,,,,,,,,,,,,,,,,,,,,,,,,,
933,St. Barbara,5359 Lebanon Ave (side entrance),215-473-1044,Nutritional Development Services,19131,,Food Site,,Active,https://nutritionaldevelopmentservices.org/,-75.2318589,39.98769168,,,,,,11:00:00,12:30:00,,,,,,,,,,,,,,,,,,,,,,,,,,,,,,
934,Padre Pio Prayer Center Food Distribution (St. Joachim),1527 Church St,215-288-3081,Nutritional Development Services,19124,,Food Site,,Active,https://nutritionaldevelopmentservices.org/,-75.08971093,40.0118811,,,,,,,,,,,,,,,,11:00:00,11:30:00,,,,,,,,,,,,,,,,,,,,
939,McClure Elementary School,600 W Hunting Park Ave,215-900-4286,PHILABUNDANCE,19140,,Food Site,,Active,https://www.philabundance.org/,-75.13757701,40.01516584,,,,,,,,,,,,,,,,14:00:00,15:00:00,,,,,,,,,,,,,,,,,,,,
946,Better Tomorrows - West Poplar Apartments,637 N. 13th St,,PHILABUNDANCE,19123,,Food Site,,Active,https://www.philabundance.org/,-75.1585106,39.96463255,,,,,,,,,,,09:00:00,17:00:00,,,,,,,,,,,,,,,,,,,,,,,,,
962,Mighty Writers West,3520 Fairmount Ave.,"215-895-3470, OPTION 1",NDS,19104,,Student Meal Site,,Permanently Closed,https://nutritionaldevelopmentservices.org/,-75.19409364,39.96600487,09:00:00,09:30:00,12:00:00,12:30:00,,09:00:00,09:30:00,12:00:00,12:30:00,,09:00:00,09:30:00,12:00:00,12:30:00,,09:00:00,09:30:00,12:00:00,12:30:00,,09:00:00,09:30:00,12:00:00,12:30:00,,,,,,,,,,,,,
1003,Mitzvah Food Program Northeast,10100 Jamison Ave.,215-832-0625,SHARE FOOD PROGRAM,19116,,Food Site,,Active,https://www.sharefoodprogram.org/,-75.02136877,40.10039099,,,,,,13:00:00,18:30:00,,,,10:00:00,15:30:00,,,,10:00:00,15:30:00,,,Some hours are by appointment only. Contact the site for more information.,10:00:00,13:00:00,,,Some hours are by appointment only.  Contact the site for more information.,,,,,,,,,,,,
1101,Dobbins Technical High School,2150 W Lehigh Ave.,"215-301-2667; 267-312-5229",PHILABUNDANCE,19132,,Food Site,,Active,https://www.philabundance.org/,-75.16671554,39.99518165,,,,,,,,,,,11:30:00,13:30:00,,,,,,,,,,,,,,,,,,,,,,,,,
1107,Gideon School,2817 W Glenwood Ave.,215-301-5384,PHILABUNDANCE,19121,,Food Site,,Active,https://www.philabundance.org/,-75.18059052,39.98433999,,,,,,,,,,,12:00:00,13:30:00,,,,,,,,,,,,,,,,,,,,,,,,,
1225,"Temple University Hospital, Episcopal Campus",100 E. Lehigh Ave.,215-707-0305,SHARE FOOD PROGRAM,19125,,Food Site,,Active,https://www.sharefoodprogram.org/,-75.12921283,39.99001439,,,,,,,,,,,,,,,,14:00:00,15:15:00,,,,,,,,,,,,,,,,,,,,
1227,New Hope AME Zion Church,5802 Musgrave St.,215-668-9703,SHARE FOOD PROGRAM,19144,,Food Site,,Active,https://www.sharefoodprogram.org/,-75.16892025,40.04400408,,,,,,,,,,,,,,,,,,,,,,,,,,11:00,13:00,,,Open on first and third Saturdays of the month,,,,,,,
1231,New Disciples Ministries,6301 Kingsessing Ave.,267-593-1158,SHARE FOOD PROGRAM,19143,,Food Site,,Active,https://www.sharefoodprogram.org/,-75.23581471,39.92884765,,,,,,,,,,,,,,,,,,,,,,,,,,09:00,14:00,,,Open on second and fourth Saturdays of the month,,,,,,,
1235,Feed Philly Now,2819 N Mascher St,267-702-0134,Small Things Philly,19133,,Food Site,,Active,https://www.smallthingsphilly.org/,-75.13218184,39.99322673,16:00:00,18:00:00,,,,16:00:00,18:00:00,,,,16:00:00,18:00:00,,,,16:00:00,18:00:00,,,,16:00:00,18:00:00,,,,,,,,,,,,,,,
1237,Philadelphia Masjid,4700 Wyalusing Ave.,215-475-7597,SHARE FOOD PROGRAM,19131,,Food Site,,Active,https://www.sharefoodprogram.org/,-75.21622662,39.96986827,,,,,,,,,,,,,,,,11:00:00,13:00:00,,,,,,,,,,,,,,,,,,,,
1243,CDA Philadelphia Ministry,301 Saint Vincent St,215-888-0272,Small Things Philly,19111,,Food Site,,Active,https://www.smallthingsphilly.org/,-75.08771344,40.06078846,,,,,,,,,,,14:00:00,17:00:00,,,,,,,,,10:00:00,13:00:00,,,,,,,,,,,,,,,
1245,Concilio,141 E Hunting Park Ave,215-627-3100 Ext 258,Small Things Philly,19124,,Food Site,,Active,https://www.smallthingsphilly.org/,-75.12377796,40.01371829,,,,,,11:00:00,14:00:00,,,,,,,,,,,,,,,,,,,,,,,,,,,,,,
1247,New Covenant Church Cheltenham,4201 Princeton Ave,267-702-0134,Small Things Philly,19135,,Food Site,,Active,https://www.smallthingsphilly.org/,-75.04313714,40.03326816,12:00:00,15:00:00,,,Open on first and third Mondays of the month,12:00:00,15:00:00,,,Open on first and third Tuesdays of the month,,,,,,,,,,,,,,,,,,,,,,,,,,,
1249,OCCCDA (Howell St.),900 E Howell St,215-288-8504,SHARE FOOD PROGRAM,19149,,Food Site,,Active,https://www.sharefoodprogram.org/,-75.09109297,40.03829077,,,,,,,,,,,,,,,,10:00:00,16:00:00,,,"Open on first, second, third, and fifth Thursdays of the month",,,,,,,,,,,,,,,,,
1251,Firm Hope Baptist Church,2311 E Auburn St,215 634 2486,Small Things Philly,19134,,Food Site,,Active,https://www.smallthingsphilly.org/,-75.11516023,39.98516475,,,,,,,,,,,,,,,,10:00:00,14:00:00,,,,,,,,,,,,,,,,,,,,
1253,South Philadelphia High School,2101 Broad St,215-847-5154,PHILABUNDANCE,19148,,Food Site,,Active,https://www.philabundance.org/,-75.16875455,39.92342268,,,,,,14:00:00,15:00:00,,,,,,,,,,,,,,,,,,,,,,,,,,,,,,
1254,Allegheny West Foundation,3101 N. 22nd St.,215-225-1019,SHARE FOOD PROGRAM,19132,,Food Site,,Active,https://www.sharefoodprogram.org/,-75.1658706,40.002056,,,,,,,,,,,,,,,,,,,,,09:00:00,14:00:00,,,,,,,,,,,,,,,
1255,University City Hospitality Coalition Hillel,215 S 39th St.,610-639-4395,Office of Homeless Services,19104,,General Meal Site,,Active,https://www.phila.gov/departments/office-of-homeless-services/,-75.20048616,39.95265454,,,,,,,,,,,,,,,,,,,,,,,,,,<Null>,<Null>,,,,18:00:00,19:00:00,,,,,
1256,"Old First United Church of Christ
",151 N. 4th St.,215-922-4566,Office of Homeless Services,19106,,General Meal Site,,Active,https://www.phila.gov/departments/office-of-homeless-services/,-75.14620403,39.9537641,,,,,,,,,,,,,,,,,,,,,,,,,,09:00,10:00,,,,17:00:00,18:30:00,,,,,
1258,South Philly Community Fridge at BOK Building,1901 S. 9th St.,southphlcommunityfridge@gmail.com,Community Refrigerators,19148,,Food Site,,Active,https://southphillyfridge.com/,-75.16001603,39.92528785,,,,,,,,,,,,,,,,,,,,,,,,,,,,,,,,,,,,,
1259,Bebashi Community Fridge,1235 Spring Garden St.,215-769-3561,Community Refrigerators,19123,,Food Site,,Active,https://www.bebashi.org/food-and-support/,-75.15860053,39.96216055,,,,,,,,,,,,,,,,,,,,,,,,,,,,,,,,,,,,,
1264,East Falls Community Fridge at Vault + Vine,3507 Midvale Ave.,eastfallscommunityfridge@gmail.com,Community Refrigerators,19129,,Food Site,,Active,https://eastfallscommunityfridge.com/,-75.19259686,40.01365287,,,,,,,,,,,,,,,,,,,,,,,,,,,,,,,,,,,,,
1268,Fridges and Family at the People's Kitchen,1149 S. 9th St.,southphlcommunityfridge@gmail.com,Community Refrigerators,19147,,Food Site,,Active,https://southphillyfridge.com/,-75.1586758,39.93501352,,,,,,,,,,,,,,,,,,,,,,,,,,,,,,,,,,,,,
1269,Germantown Community Fridge,20 W. Armat St.,germantownfridge@gmail.com,Community Refrigerators,19144,,Food Site,,Active,https://www.germantowncommunityfridge.com/,-75.17406988,40.03464838,,,,,,,,,,,,,,,,,,,,,,,,,,,,,,,,,,,,,
1270,Germantown Community Fridge,19 E. High St.,germantownfridge@gmail.com,Community Refrigerators,19144,,Food Site,,Active,https://www.germantowncommunityfridge.com/,-75.17729185,40.03978078,,,,,,,,,,,,,,,,,,,,,,,,,,,,,,,,,,,,,
1271,South Philly Community Fridge at Mifflin Sq. Park,516 Wolf St.,southphlcommunityfridge@gmail.com,Community Refrigerators,19148,,Food Site,,Active,https://southphillyfridge.com/,-75.15637696,39.92005851,,,,,,,,,,,,,,,,,,,,,,,,,,,,,,,,,,,,,
1272,Umoja Community Fridge at North Philly Peace Park,2226 West Jefferson St.,umojafridge@gmail.com,Community Refrigerators,19121,,Food Site,,Active,https://www.instagram.com/umojacommunityfridge/?utm_medium=copy_link,-75.17210739,39.97746454,,,,,,,,,,,,,,,,,,,,,,,,,,,,,,,,,,,,,
1273,Bethany Indonesian Church,1709 South Broad St,(215) 833-2923 / (267) 773-2208,PHILABUNDANCE,19148,,Food Site,,Active,https://www.philabundance.org/,-75.16836781,39.92894126,,,,,,,,,,,,,,,,09:00:00,10:00:00,,,,,,,,,,,,,,,,,,,,
1275,Feast for Friends,6001 Colgate St.,(215) 921-1689,PHILABUNDANCE,19111,,Food Site,,Active,https://www.philabundance.org/,-75.10014905,40.04464767,,,,,,09:30:00,11:30:00,,,,,,,,,,,,,,,,,,,,,,,,,,,,,,
1280,Mi Salud Wellness Center,200 E. Wyoming Ave.,215-220-4421,PHILABUNDANCE,19120,,Food Site,,Active,https://www.philabundance.org/,-75.12222131,40.02100414,17:30:00,19:00:00,,,,,,,,,17:30:00,19:00:00,,,,,,,,,,,,,,,,,,,,,,,,,
1281,Project HOME,1845 N 23rd St.,215-235-3110,PHILABUNDANCE,19121,,Food Site,,Active,https://www.philabundance.org/,-75.17173498,39.98312443,10:30:00,12:30:00,,,,16:00:00,18:00:00,,,Open on the third Tuesday of the month,10:30:00,12:30:00,16:00:00,18:00:00,Open on the fourth Wednesday evening of the month,10:30:00,12:30:00,,,,,,,,,13:00,16:00,,,Open on the third and fourth Saturdays of the month,,,,,,,
1285,The Word in Action International Ministries,1539 W. Courtland Street,215-324-7665,PHILABUNDANCE,19140,,Food Site,,Active,https://www.philabundance.org/,-75.15116168,40.02370488,13:30:00,15:00:00,,,,13:00:00,15:00:00,,,,13:30:00,15:00:00,,,,11:00:00,15:00:00,,,,,,,,,,,,,,,,,,,,
1287,Urban Creators,2315 N. 11th St.,(917) 921-1248,PHILABUNDANCE,19133,,Food Site,,Active,https://www.philabundance.org/,-75.1503022,39.9876218,,,,,,,,,,,16:00:00,18:00:00,,,,,,,,,,,,,,,,,,,,,,,,,
1291,Association of Former Gang Members,1644 W. Susquehanna Ave.,215-980-1151,SHARE FOOD PROGRAM,19121,,Food Site,,Permanently Closed,https://www.sharefoodprogram.org/,-75.16079534,39.98672758,,,,,,,,,,,,,,,,,,,,,,,,,,,,,,,,,,,,,
1292,"Old St. Joseph's Faith, Food and Friends
",321 Willings Alley,215 923-2381,Office of Homeless Services,19106,,General Meal Site,,Active,https://www.phila.gov/departments/office-of-homeless-services/,-75.14759175,39.94657906,,,,,,10:00:00,11:00:00,,,This site serves adults only.,,,,,,10:00:00,11:00:00,,,This site serves adults only.,,,,,,10:00,11:00,,,This site serves adults only.,,,,,,,
1293,Stephen and Sandra Sheller 11th St. Family Health Services,850 N. 11th St.,215-769-1100,Nutritional Development Services,19123,,Food Site,,Active,https://nutritionaldevelopmentservices.org/,-75.1551145,39.96793255,09:00:00,12:00:00,,,,13:00:00,15:00:00,,,,09:00:00,12:00:00,,,,13:00:00,15:00:00,,,,09:00:00,12:00:00,,,,,,,,,,,,,,,
1295,Feast of Justice - Northeast Services Hub,6334 Castor Ave,215-268-3510,SHARE FOOD PROGRAM,19149,,Food Site,,Active,https://www.sharefoodprogram.org/,-75.07853818,40.03856755,,,,,,,,,,,,,,,,10:30:00,12:30:00,,,Some hours are by appointment only. Contact the site for more information.,,,,,,10:30,13:30,,,Some hours are by appointment only. Contact the site for more information.,,,,,,,
1364,Saint John Memorial Baptist Church,2853 Germantown Ave,(215) 423-2221,PHILABUNDANCE,19133,,Food Site,,Active,https://www.philabundance.org/,-75.14683638,39.99590174,08:00:00,12:00:00,,,,,,,,,,,,,,,,,,,08:00:00,12:00:00,,,,,,,,,,,,,,,
1376,Catholic Social Services Southwest,6214 Grays Ave.,"215-724-8550, ext. 6",BenePhilly,19142.0,,Public Benefits,,Active,https://cssphiladelphia.org/family-service-centers/southwest-family-service-center/,-75.22823869,39.92562457,09:30:00,17:30:00,,,,09:30:00,17:30:00,,,,09:30:00,17:30:00,,,,09:30:00,17:30:00,,,,09:30:00,17:30:00,,,,,,,,,,,,,,,
1377,Esperanza,4261 N. 5th St.,"215-324-0746, ext. 108",BenePhilly,19140.0,,Public Benefits,,Active,https://www.esperanza.us/,-75.13416739,40.0162608,09:00:00,17:00:00,,,,09:00:00,17:00:00,,,,09:00:00,17:00:00,,,,09:00:00,17:00:00,,,,09:00:00,17:00:00,,,,,,,,,,,,,,,
1378,Impact Services,1952 E. Allegheny Ave.,"215-739-1600, ext. 156",BenePhilly,19134.0,,Public Benefits,,Active,https://www.impactservices.org/,-75.11225925,39.99425745,07:00:00,15:00:00,,,,07:00:00,15:00:00,,,,07:00:00,15:00:00,,,,07:00:00,15:00:00,,,,07:00:00,15:00:00,,,,,,,,,,,,,,,
1379,"Impact Services at PA CareerLink, Northwest",5847 Germantown Ave.,215-298-9292,BenePhilly,19144.0,,Public Benefits,,Active,https://www.impactservices.org/pa-careerlink-nw-philadelphia,-75.17654958,40.03849176,08:30:00,16:30:00,,,,08:30:00,16:30:00,,,,08:30:00,16:30:00,,,,08:30:00,16:30:00,,,,08:30:00,16:30:00,,,,,,,,,,,,,,,
1380,Philadelphia FIGHT,1233 Locust St.,215-525-8636,BenePhilly,19107.0,,Public Benefits,,Active,https://fight.org/,-75.16194112,39.94815364,09:00:00,17:00:00,,,,09:00:00,17:00:00,,,,09:00:00,17:00:00,,,,09:00:00,17:00:00,,,,09:00:00,17:00:00,,,,,,,,,,,,,,,
1381,Office of Community Empowerment and Opportunity (CEO) Mobile Benefits Unit,,215-685-3649,BenePhilly,,,Public Benefits,,Active,https://www.phila.gov/departments/office-of-community-empowerment-and-opportunity/,,,10:00:00,15:00:00,,,,10:00:00,15:00:00,,,,10:00:00,15:00:00,,,,10:00:00,15:00:00,,,,,,,,,,,,,,,,,,,,
1382,UESF,1608 Walnut St.,215-814-6845,BenePhilly,19103.0,,Public Benefits,,Active,https://uesfacts.org/,-75.16812461,39.94964137,09:00:00,17:00:00,,,,09:00:00,17:00:00,,,,09:00:00,17:00:00,,,,09:00:00,17:00:00,,,,09:00:00,17:00:00,,,,,,,,,,,,,,,
1383,Aramingo WIC Office,"2401 E. Tioga St., #A-4",215-533-9597,WIC,19134.0,,Public Benefits,,Active,https://www.pawic.com/default.aspx,-75.09815012,39.99146028,07:00:00,16:00:00,,,,07:00:00,16:00:00,,,,07:00:00,16:00:00,,,,07:00:00,16:00:00,,,,07:00:00,16:00:00,,,,,,,,,,,,,,,
1384,Lehigh WIC Office,217-33 W. Lehigh Ave.,215-634-3828,WIC,19133.0,,Public Benefits,,Active,https://www.pawic.com/default.aspx,-75.13551882,39.99240343,07:00:00,16:00:00,,,,07:00:00,16:00:00,,,,07:00:00,16:00:00,,,,07:00:00,16:00:00,,,,07:00:00,16:00:00,,,,,,,,,,,,,,,
1385,North Philadelphia WIC Office,"2709 N. Broad St., (Rear Entrance on Park Ave., 2nd Floor)",215-229-3786,WIC,19132.0,,Public Benefits,,Active,https://www.pawic.com/default.aspx,-75.15409138,39.9946995,07:00:00,16:00:00,,,,07:00:00,16:00:00,,,,07:00:00,16:00:00,,,,07:00:00,16:00:00,,,,07:00:00,16:00:00,,,,,,,,,,,,,,,
1386,Northeast WIC Office,7959 Bustleton Ave.,215-745-6197,WIC,19152.0,,Public Benefits,,Active,https://www.pawic.com/default.aspx,-75.05193378,40.05889808,07:00:00,16:00:00,,,,07:00:00,16:00:00,,,,07:00:00,16:00:00,,,,07:00:00,16:00:00,,,,07:00:00,16:00:00,,,,,,,,,,,,,,,
1387,Olney/Logan WIC Office,"5751 N. Broad St., Unit 5",215-927-1950,WIC,19141.0,,Public Benefits,,Active,https://www.pawic.com/default.aspx,-75.14393878,40.04125241,07:00:00,16:00:00,,,,07:00:00,16:00:00,,,,07:00:00,16:00:00,,,,07:00:00,16:00:00,,,,07:00:00,16:00:00,,,,,,,,,,,,,,,
1388,Overbrook WIC Office,"Overbrook Plaza, #1400, 5610 Lancaster Ave.",215-477-3360,WIC,19131.0,,Public Benefits,,Active,https://www.pawic.com/default.aspx,-75.23489215,39.9795656,07:00:00,16:00:00,,,,07:00:00,16:00:00,,,,07:00:00,16:00:00,,,,07:00:00,16:00:00,,,,07:00:00,16:00:00,,,,,,,,,,,,,,,
1389,South Philadelphia WIC Office,1165 S. Broad St.,215-463-5571,WIC,19146.0,,Public Benefits,,Active,https://www.pawic.com/default.aspx,-75.16666409,39.93591439,07:00:00,16:00:00,,,,07:00:00,16:00:00,,,,07:00:00,16:00:00,,,,07:00:00,16:00:00,,,,07:00:00,16:00:00,,,,,,,,,,,,,,,
1390,St. Christopher's WIC Office,"Nelson Pavilion Bldg., 160 Erie Ave.",215-427-6973,WIC,19124.0,,Public Benefits,,Active,https://www.pawic.com/default.aspx,-75.12701848,40.0060639,07:00:00,16:00:00,,,,07:00:00,16:00:00,,,,07:00:00,16:00:00,,,,07:00:00,16:00:00,,,,07:00:00,16:00:00,,,,,,,,,,,,,,,
1391,Woodland WIC Office,1741 S. 54th St.,215-726-1142,WIC,19143.0,,Public Benefits,,Active,https://www.pawic.com/default.aspx,-75.21908051,39.93708154,07:00:00,16:00:00,,,,07:00:00,16:00:00,,,,07:00:00,16:00:00,,,,07:00:00,16:00:00,,,,07:00:00,16:00:00,,,,,,,,,,,,,,,
1392,Germantown WIC Office,47 W. Chelten Avenue,215-714-7449,WIC,19144.0,,Public Benefits,,Active,https://www.pawic.com/default.aspx,-75.17608299,40.03513166,07:00:00,16:00:00,,,,07:00:00,16:00:00,,,,07:00:00,16:00:00,,,,07:00:00,16:00:00,,,,07:00:00,16:00:00,,,,,,,,,,,,,,,
1393,"Prevention Point Philadelphia
",2913 Kensington Ave.,,Office of Homeless Services,19134,,General Meal Site,,Active,https://www.phila.gov/departments/office-of-homeless-services/,,,12:00:00,13:00:00,,,,12:00:00,13:00:00,,,,12:00:00,13:00:00,17:00:00,20:00:00,,12:00:00,13:00:00,17:00:00,20:00:00,,12:00:00,13:00:00,,,,,,,,,,,,,,,
1394,Turning Points - Rising Sun Health Center,5675 N. Front St.,445-216-9766,PHILABUNDANCE,19120,,Food Site,,Active,https://www.philabundance.org/,,,,,,,,10:00:00,15:00:00,,,,10:00:00,15:00:00,,,,,,,,,,,,,,,,,,,,,,,,,
1395,Brothers of Strawberry Mansion,3218 W. Susquehanna Ave.,267-568-1163,SHARE FOOD PROGRAM,19121,,Food Site,,Active,https://www.sharefoodprogram.org/,,,,,,,,,,,,,,,,,,,,,,,,,,,,09:30,11:30,,,Open on first and third Saturdays of the month,,,,,,,
1396,First Church of Love and Deliverance,3101 Ridge Ave.,215-769-1275,SHARE FOOD PROGRAM,19121,,Food Site,,Active,https://www.sharefoodprogram.org/,,,,,,,,,,,,,,,,,,,,,,,11:00:00,13:00:00,,,Open on first Friday of the month,,,,,,,,,,,,
1397,Hickman Temple Daycare,1220 S. 58th,267-815-5684,SHARE FOOD PROGRAM,19143,,Food Site,,Active,https://www.sharefoodprogram.org/,,,11:00:00,14:00:00,,,Open on first and third Mondays of the month,,,,,,,,,,,,,,,,,,,,,,,,,,,,,,,,
1398,Martin Luther King Jr. Association For Nonviolence Inc. (MLK),3001 Walnut St.,215-751-9300,SHARE FOOD PROGRAM,19104,,Food Site,,Active,https://www.sharefoodprogram.org/,,,,,,,,,,,,,,,,,,,,,,,,,,,,09:00,11:00,,,Open on third Saturday of the month,,,,,,,
1400,Self Inc./Outley House,6901 Woodland Ave.,215-496-9610 (Ext 377),SHARE FOOD PROGRAM,19142,,Food Site,,Active,https://www.sharefoodprogram.org/,,,,,,,,14:30:00,17:00:00,,,Open on second and fourth Tuesdays of the month,,,,,,,,,,,,,,,,,,,,,,,,,,,
1402,Bethesda Project,907 Hamilton St.,"215-985-1600
",Office of Homeless Services,19123,,General Meal Site,,Active,https://www.phila.gov/departments/office-of-homeless-services/,,,12:00:00,13:00:00,,,,12:00:00,13:00:00,,,,12:00:00,13:00:00,,,,12:00:00,13:00:00,,,,12:00:00,13:00:00,,,,12:00,13:00,,,,12:00:00,13:00:00,,,,,
1404,Veterans Multi-Service Center,213-217 N. 4th St.,"215-923-2600
",Office of Homeless Services,19106,,General Meal Site,,Active,https://www.phila.gov/departments/office-of-homeless-services/,,,09:00:00,10:00:00,12:00:00,13:00:00,,09:00:00,10:00:00,12:00:00,13:00:00,,09:00:00,10:00:00,12:00:00,13:00:00,,09:00:00,10:00:00,12:00:00,13:00:00,,09:00:00,10:00:00,12:00:00,13:00:00,,,,,,,,,,,,,
1406,Keeping It Real Christian Fellowship Bread of Life Ministry,"North 17th St. and Benjamin Franklin Parkway
",215-232-3900,Office of Homeless Services,19103,,General Meal Site,,Active,https://www.phila.gov/departments/office-of-homeless-services/,,,,,,,,,,,,,,,,,,,,,,,,,,,,,,,,,13:30:00,14:30:00,,,,,
1407,There's Hope,Kensington Ave. and E. Hilton St.,267-684-8377,Office of Homeless Services,19134,,General Meal Site,,Active,https://www.phila.gov/departments/office-of-homeless-services/,,,,,,,,,,,,,12:00:00,16:00:00,,,,,,,,,,,,,,,,,,,12:00:00,16:00:00,,,,,
1408,Small Things Market at Emmanuel (inside of Resurrection Church),123 S 17th St,215-559-9212,STP,19103,,General Meal Site,,Active,https://www.smallthingsphilly.org/,,,,,,,,,,,,,,,,,,,,,,,,,,,,11:30,12:30,,,,,,,,,,
1409,Small Things Market at Emmanuel (inside of Resurrection Church),123 S 17th St,215-559-9212,Small Things Philly,19103,,Food Site,,Active,https://www.smallthingsphilly.org/,,,,,,,,,,,,,,,,,,,,,,,,,,,,11:30,13:00,,,,,,,,,,
1410,48th Street Mount Pleasant Baptist Church,5539 Vine St,,PHILABUNDANCE,19139,,Food Site,,Active,https://www.philabundance.org/,,,,,,,,,,,,,,,,,,,,,,,,,,,,09:30,11:30,,,Open on second and fourth Saturdays of the month,,,,,,,
1411,Abiding Truth Ministries,846 S 57th St.,215-476-7225,PHILABUNDANCE,19143,,Food Site,,Active,https://www.philabundance.org/,,,,,,,,,,,,,,,,,,,,,,,08:30:00,12:00:00,,,,,,,,,,,,,,,
1413,Anchor of Hope,53 E Wister St,,PHILABUNDANCE,19144,,Food Site,,Active,https://www.philabundance.org/,,,,,,,,,,,,,,,,,,10:00:00,15:00:00,,,,10:00:00,15:00:00,,,,,,,,,,,,,,,
1414,Bethany AME Church,8898 Ashton Rd,,PHILABUNDANCE,19136,,Food Site,,Active,https://www.philabundance.org/,,,,,,,,14:00:00,15:00:00,,,Open on first and third Tuesdays of the month,,,,,,,,,,,,,,,,,,,,,,,,,,,
1415,Better Tomorrows - Jackie's Garden,1836 N 20th St,,PHILABUNDANCE,19121,,Food Site,,Active,https://www.philabundance.org/,,,,,,,,,,,,,11:00:00,14:00:00,,,,11:00:00,12:30:00,,,,12:00:00,13:30:00,,,,,,,,,,,,,,,
1416,Bless Philadelphia Corporation,4610 Devereaux St,267-908-4982,PHILABUNDANCE,19135,,Food Site,,Active,https://www.philabundance.org/,,,,,,,,,,,,,,,,,,,,,,,,,,,,,,,,,13:00:00,13:30:00,,,,,
1417,Breaking Bread on Broad,615 N Broad St,215-627-6747,PHILABUNDANCE,19123,,Food Site,,Active,https://www.philabundance.org/,,,,,,,,,,,,,08:00:00,10:00:00,,,,,,,,,,,,,,,,,,,,,,,,,
1418,Bryn Mawr Avenue New Testament Church of God,2227 Bryn Mawr Ave,,PHILABUNDANCE,19131,,Food Site,,Active,https://www.philabundance.org/,,,18:00:00,20:00:00,,,,,,,,,14:00:00,16:00:00,,,,18:00:00,20:00:00,,,,,,,,,,,,,,,,,,,,
1419,Calvary Agape Outreach Service,6114 Haverford Ave,215) 472-3460,PHILABUNDANCE,19151,,Food Site,,Active,https://www.philabundance.org/,,,,,,,,09:30:00,11:00:00,,,,,,,,,,,,,,09:30:00,11:00:00,,,,,,,,,,,,,,,
1420,Campbell AME Church,1657 Kinsey St,215-288-2748,PHILABUNDANCE,19124,,Food Site,,Active,https://www.philabundance.org/,,,,,,,,,,,,,10:00:00,12:00:00,,,,,,,,,,,,,,,,,,,,,,,,,
1421,Casa Del Carmen,4400 N Reese St,267-331-2500,PHILABUNDANCE,19140,,Food Site,,Active,https://www.philabundance.org/,,,08:30:00,12:00:00,,,,,,,,,08:30:00,12:00:00,,,,,,,,,,,,,,,,,,,,,,,,,
1422,Chelten Christian Crusade,609 E Chelten Ave,215-849-6614,PHILABUNDANCE,19144,,Food Site,,Active,https://www.philabundance.org/,,,,,,,,14:00:00,16:30:00,,,,,,,,,14:00:00,16:30:00,,,,,,,,,,,,,,,,,,,,
1423,Chosen 300 Ministries Inc.,3959 Lancaster Ave,(215) 765-9806,PHILABUNDANCE,19104,,Food Site,,Active,https://www.philabundance.org/,,,13:00:00,16:00:00,,,,13:00:00,16:00:00,,,,,,,,,,,,,,13:00:00,16:00:00,,,,,,,,,,,,,,,
1424,Christ Apostolic Church of America (WOSEM),6438 Vine St,,PHILABUNDANCE,19139,,Food Site,,Active,https://www.philabundance.org/,,,,,,,,,,,,,,,,,,,,,,,,,,,,10:00,12:00,,,Open first and third Saturdays of the month,,,,,,,
1425,Church of Christian Compassion,6012 Cedar Ave,215-472-9040 ext. 2,PHILABUNDANCE,19143,,Food Site,,Active,https://www.philabundance.org/,,,12:00:00,15:00:00,,,,,,,,,10:00:00,14:00:00,,,,,,,,,,,,,,,,,,,,,,,,,
1426,Eddie's House - The Cornerstone,2321 N Broad St,,PHILABUNDANCE,19132,,Food Site,,Active,https://www.philabundance.org/,,,,,,,,,,,,,12:30:00,16:00:00,,,,,,,,,,,,,,,,,,,,,,,,,
1428,Enon Tabernacle,230 W Coulter St,(215) 276-7200,PHILABUNDANCE,19144,,Food Site,,Active,https://www.philabundance.org/,,,10:00:00,12:00:00,,,,10:00:00,12:00:00,,,,10:00:00,12:00:00,,,,10:00:00,12:00:00,,,,,,,,,,,,,,,,,,,,
1429,Episcopal Community Services,6006 W Girard Ave,215-351-1400,PHILABUNDANCE,19151,,Food Site,,Active,https://www.philabundance.org/,,,,,,,,11:00:00,14:00:00,,,,11:00:00,14:00:00,,,,11:00:00,14:00:00,,,,11:00:00,14:00:00,,,,,,,,,,,,,,,
1430,Faith Assembly of God,1926-1940 Margaret St,(215) 535-8599,PHILABUNDANCE,19124,,Food Site,,Active,https://www.philabundance.org/,,,,,,,,,,,,,,,,,,10:00:00,12:00:00,,,,,,,,,,,,,,,,,,,,
1431,Faith Temple Pentecostal Church,5618 Kingsessing Ave,,PHILABUNDANCE,19143,,Food Site,,Active,https://www.philabundance.org/,,,,,,,,10:00:00,12:00:00,,,,,,,,,,,,,,,,,,,,,,,,,,,,,,
1432,First Church Worship Center,2509 N 30th St,(215) 229-3608,PHILABUNDANCE,19132,,Food Site,,Active,https://www.philabundance.org/,,,,,,,,09:00:00,13:00:00,,,Open on first and second Tuesdays of the month,,,,,,,,,,,,,,,,,,,,,,,,,,,
1433,Freedom Development Corporation,6100 W Columbia Ave,(215) 477-0800,PHILABUNDANCE,19151,,Food Site,,Active,https://www.philabundance.org/,,,,,,,,10:00:00,13:00:00,,,,,,,,,,,,,,,,,,,,,,,,,,,,,,
1434,Giving of Self Partnership,6101 Limekiln Pike,215-927-6100,PHILABUNDANCE,19141,,Food Site,,Active,https://www.philabundance.org/,,,10:00:00,12:00:00,,,,,,,,,10:00:00,12:00:00,,,,,,,,,10:00:00,12:00:00,,,,,,,,,,,,,,,
1435,Grace Community Christian Center,29 W Johnson St,215-848-2700,PHILABUNDANCE,19144,,Food Site,,Active,https://www.philabundance.org/,,,10:00:00,13:00:00,,,,10:00:00,13:00:00,,,,10:00:00,13:00:00,,,,10:00:00,13:00:00,,,,10:00:00,13:00:00,,,,,,,,,,,,,,,
1436,Grace Lutheran Church,3529 Haverford Ave,215-222-3570,PHILABUNDANCE,19104,,Food Site,,Active,https://www.philabundance.org/,,,,,,,,,,,,,13:00:00,17:30:00,,,,,,,,,,,,,,,,,,,,,,,,,
1438,Haitian Evangelical Baptist Church,814 E Chelten Ave,(610) 506-1878,PHILABUNDANCE,19138,,Food Site,,Active,https://www.philabundance.org/,,,,,,,,,,,,,,,,,,09:00:00,13:00:00,,,,,,,,,09:00,10:30,,,,,,,,,,
1439,Helping Hands for the Hungry,525 S. Cobbs Creek Parkway,215-747-3250,PHILABUNDANCE,19143,,Food Site,,Active,https://www.philabundance.org/,,,,,,,,,,,,,,,,,,,,,,,,,,,,09:30,13:00,,,Open on the last Saturday of the month,,,,,,,
1440,Holsey Temple CME Church,5305-5315 Germantown Ave,215-848-2210,PHILABUNDANCE,19144,,Food Site,,Active,https://www.philabundance.org/,,,,,,,,11:00:00,13:00:00,,,,,,,,,,,,,,,,,,,,,,,,,,,,,,
1441,Holy Temple Community Center,363 N 60th St,,PHILABUNDANCE,19139,,Food Site,,Active,https://www.philabundance.org/,,,,,,,,13:00:00,14:00:00,,,Open on the third Tuesdays of the month,,,,,,,,,,,,,,,,,,,,,,,,,,,
1442,Holy Temple Lord and Savior,5116 Market St,(215) 474-7656,PHILABUNDANCE,19139,,Food Site,,Active,https://www.philabundance.org/,,,,,,,,,,,,,,,,,,10:00:00,12:00:00,,,,,,,,,,,,,,,,,,,,
1443,Iglesia de Dios Pentecostal,516 W. Butler Street,,PHILABUNDANCE,19140,,Food Site,,Active,https://www.philabundance.org/,,,,,,,,10:00:00,11:00:00,,,,,,,,,10:00:00,11:00:00,,,,10:00:00,11:00:00,,,,,,,,,,,,,,,
1445,Lifeway Baptist Church,9554 Bustleton Ave,(215) 941-9639,PHILABUNDANCE,19115,,Food Site,,Active,https://www.philabundance.org/,,,,,,,,,,,,,,,,,,,,,,,19:00:00,21:00:00,,,,,,,,,,,,,,,
1446,Lutheran Settlement House,1340 Frankford Ave,215-426-8610 ext. 1204,PHILABUNDANCE,19125,,Food Site,,Active,https://www.philabundance.org/,,,09:00:00,15:00:00,,,,09:00:00,15:00:00,,,,09:00:00,15:00:00,,,,09:00:00,15:00:00,,,,09:00:00,15:00:00,,,,,,,,,,,,,,,
1448,Masjidullah Center for Human Excellence,7401 Limekiln Pike,215-621-7800,PHILABUNDANCE,19138,,Food Site,,Active,https://www.philabundance.org/,,,10:00:00,12:00:00,,,,10:00:00,12:00:00,,,,,,,,,,,,,,,,,,,,,,,,,,,,,,
1450,Mount Tabor CEED Corporation,961-971 N 7th St,,PHILABUNDANCE,19123,,Food Site,,Active,https://www.philabundance.org/,,,12:00:00,13:00:00,,,,,,,,,,,,,,,,,,,,,,,,,,,,,,,,,,,
1451,Mount Zion United Holy Church,4110 Haverford Ave,(215) 349-6734,PHILABUNDANCE,19104,,Food Site,,Active,https://www.philabundance.org/,,,,,,,,,,,,,10:00:00,13:00:00,,,,,,,,,,,,,,,,,,,,,,,,,
1452,New Jerusalem Laura,2011 W Norris St,215-763-8806,PHILABUNDANCE,19121,,Food Site,,Active,https://www.philabundance.org/,,,,,,,,,,,,,,,,,,,,,,,13:00:00,15:00:00,,,,,,,,,,,,,,,
1453,North Light Community Center,175 Green Ln,(215) 483-4800,PHILABUNDANCE,19127,,Food Site,,Active,https://www.philabundance.org/,,,10:30:00,11:30:00,,,,,,,,,,,,,,,,,,,10:30:00,11:30:00,,,,,,,,,,,,,,,
1455,Page Academy CDC,1524 W Champlost Ave,,PHILABUNDANCE,19141,,Food Site,,Active,https://www.philabundance.org/,,,,,,,,,,,,,,,,,,11:00:00,13:00:00,,,,,,,,,,,,,,,,,,,,
1456,Penn Asian Senior Services,6926 Old York Rd,215-572-1234,PHILABUNDANCE,19126,,Food Site,,Active,https://www.philabundance.org/,,,09:00:00,17:00:00,,,,09:00:00,17:00:00,,,,09:00:00,17:00:00,,,,09:00:00,17:00:00,,,,09:00:00,17:00:00,,,,,,,,,,,,,,,
1457,Pente Church of God,3027 N 5th St,,PHILABUNDANCE,19133,,Food Site,,Active,https://www.philabundance.org/,,,10:00:00,12:00:00,,,,,,,,,,,,,,,,,,,,,,,,,,,,,,,,,,,
1458,Philadelphia Episcopal Cathedral,19 S 38th St,(215) 386-0234,PHILABUNDANCE,19104,,Food Site,,Active,https://www.philabundance.org/,,,09:30:00,11:30:00,,,,,,,,,,,,,,,,,,,,,,,,,,,,,,,,,,,
1459,Police Athletic League Center - Ford,609 Snyder Ave,215-336-8750,PHILABUNDANCE,19148,,Food Site,,Active,https://www.philabundance.org/,,,,,,,,,,,,,,,,,,09:00:00,14:00:00,,,Open on the fourth Thursday of the month,,,,,,,,,,,,,,,,,
1460,Provision of Grace World Mission Church,1950 W Rockland St,(215) 324-9066,PHILABUNDANCE,19141,,Food Site,,Active,https://www.philabundance.org/,,,,,,,,,,,,,,,,,,10:00:00,12:30:00,,,,,,,,,,,,,,,,,,,,
1461,Refuge Evangelical Baptist Church,1100 Oak Ln,215-224-2024,PHILABUNDANCE,19126,,Food Site,,Active,https://www.philabundance.org/,,,,,,,,11:00:00,13:00:00,,,,,,,,,,,,,,,,,,,,,,,,,,,,,,
1462,Remnant Church of God,7708-7712 Ogontz Ave,(215) 924-2610,PHILABUNDANCE,19150,,Food Site,,Active,https://www.philabundance.org/,,,12:00:00,17:00:00,,,,,,,,,12:00:00,17:00:00,,,,,,,,,12:00:00,17:00:00,,,,,,,,,,,,,,,
1465,Saint Luke's Episcopal Church,5421 Germantown Ave,215-844-8544,PHILABUNDANCE,19144,,Food Site,,Active,https://www.philabundance.org/,,,,,,,,,,,,,,,,,,,,,,,09:00:00,10:30:00,,,,,,,,,,,,,,,
1466,Saint Michael's Lutheran Church,2139 E Cumberland St,215-423-0792,PHILABUNDANCE,19125,,Food Site,,Active,https://www.philabundance.org/,,,,,,,,,,,,,,,,,,11:00:00,12:00:00,,,,,,,,,,,,,,,,,,,,
1467,Saint Paul's Baptist Church,1000 Wallace St,(215) 763-1502,PHILABUNDANCE,19123,,Food Site,,Active,https://www.philabundance.org/,,,,,,,,,,,,,10:00:00,13:00:00,,,,,,,,,,,,,,,,,,,,,,,,,
1468,Salvation Army West Philadelphia Corps,5501 Market St,215-474-1010,PHILABUNDANCE,19139,,Food Site,,Active,https://www.philabundance.org/,,,,,,,,,,,,,10:00:00,14:30:00,,,,10:00:00,14:30:00,,,,,,,,,,,,,,13:00:00,14:00:00,,,,,
1469,Star of Hope Baptist Church,7212 Keystone St,215-332-8320,PHILABUNDANCE,19135,,Food Site,,Active,https://www.philabundance.org/,,,,,,,,11:00:00,13:00:00,,,,,,,,,,,,,,,,,,,,,,,,,,,,,,
1470,The Sunday Love Project,3200 Kensington Ave,,PHILABUNDANCE,19134,,Food Site,,Active,https://www.philabundance.org/,,,09:00:00,11:45:00,,,,09:00:00,11:45:00,,,,09:00:00,11:45:00,,,,09:00:00,11:45:00,,,,09:00:00,11:45:00,,,,,,,,,,,,,,,
1471,Truth Baptist Church,4666-4668 N 15th St,,PHILABUNDANCE,19140,,Food Site,,Active,https://www.philabundance.org/,,,,,,,,10:00:00,12:00:00,,,,,,,,,,,,,,,,,,,,,,,,08:00:00,17:00:00,,,,,
1472,Two Ladies of Christ,4125 Ludlow St,,PHILABUNDANCE,19104,,Food Site,,Active,https://www.philabundance.org/,,,,,,,,,,,,,11:00:00,14:00:00,,,,,,,,,,,,,,,,,,,,,,,,,
1473,Ujima Friends Peace Center,1701 W Lehigh Ave,267-761-4944,PHILABUNDANCE,19132,,Food Site,,Active,https://www.philabundance.org/,,,,,,,,,,,,,,,,,,,,,,,,,,,,09:00,12:00,,,Open on the first and third Saturdays of the month,,,,,,,
1474,Waters Memorial Community Center,1016-1018 South St,,PHILABUNDANCE,19147,,Food Site,,Active,https://www.philabundance.org/,,,,,,,,11:00:00,12:30:00,,,Open on the second Tuesday of the month,,,,,,,,,,,,,,,,,,,,,,,,,,,
1475,Wharton Wesley Helping Hands,5341 Catharine St,(215)-472-6777,PHILABUNDANCE,19143,,Food Site,,Active,https://www.philabundance.org/,,,,,,,,,,,,,09:00:00,12:00:00,,,Open on the fourth Wednesday of the month,,,,,,,,,,,,,,,,,,,,,,
1476,Together We Can Change at Love Park,16th St. and JFK Blvd.,215-284-5780,Office of Homeless Services,19102,,General Meal Site,,Active,https://www.phila.gov/departments/office-of-homeless-services/,,,,,,,,,,,,,,,,,,,,,,,,,,,,12:00,13:00,,,,,,,,,,
1479,The Everywhere Project (Love Park),N 15th St. and John F. Kennedy Blvd,267-770-3919,Office of Homeless Services,19102,,General Meal Site,,Active,https://www.phila.gov/departments/office-of-homeless-services/,,,,,,,,,,,,,19:00:00,21:30:00,,,,,,,,,,,,,,,,,,,,,,,,,
1480,The Everywhere Project (E. Clearfield St.),1810 E. Clearfield St.,267-770-3919,Office of Homeless Services,19134,,General Meal Site,,Active,https://www.phila.gov/departments/office-of-homeless-services/,,,,,,,,,,,,,,,,,,,,,,,,,,,,13:00,16:30,,,,,,,,,,
1483,Fresh Fire Apostolic International Ministries,2901 Cedar St.,267-880-9733,SHARE FOOD PROGRAM,19134,,Food Site,,Active,https://www.sharefoodprogram.org/,,,,,,,,,,,,,,,,,,,,,,,,,,,,09:00,12:00,,,,,,,,,,
1484,OCCCDA (Castor Ave),6500 Castor Ave,215-288-8504,SHARE FOOD PROGRAM,19149,,Food Site,,Active,https://www.sharefoodprogram.org/,,,,,,,,,,,,,,,,,,10:00:00,14:00:00,,,Open on fourth Thursday of the month,,,,,,,,,,,,,,,,,
1485,Geiger Memorial Brethren Church,2543 W. Lehigh Ave.,215-229-2967,SHARE FOOD PROGRAM,,,Food Site,,Active,https://www.sharefoodprogram.org/,,,,,,,,,,,,,,,,,,10:00:00,12:00:00,,,Open on the Thursday after the second Tuesday of the month,,,,,,,,,,,,,,,,,
1487,Denise's Pantry @ The Print Foundation,5843-55 Catharine St.,215-828-7091,SHARE FOOD PROGRAM,19143,,Food Site,,Active,https://www.sharefoodprogram.org/,,,,,,,,,,,,,,,,,,,,,,,15:00:00,17:00:00,,,,,,,,,,,,,,,
1488,Helping Hands Nonprofit Organization,4667 Paul St.,484-579-0490,SHARE FOOD PROGRAM,19124,,Food Site,,Active,https://www.sharefoodprogram.org/,,,11:00:00,14:00:00,,,,,,,,,,,,,,,,,,,,,,,,,,,,,,,,,,,
1489,True Vine Worship Center,521-23 W. Lehigh Ave.,445-248-6152,SHARE FOOD PROGRAM,19133,,Food Site,,Active,https://www.sharefoodprogram.org/,,,,,,,,08:00:00,10:00:00,,,,,,,,,,,,,,,,,,,,,,,,,,,,,,
1490,Small Things Philly Market - Fairhill,3510 A St.,215-559-9212,Small Things Philly,19134,,Food Site,,Active,https://www.smallthingsphilly.org/,,,,,,,,,,,,,11:00:00,15:00:00,,,,,,,,,09:00:00,12:00:00,,,,10:00,13:00,,,,,,,,,,
1491,African Family Health Organization,5400 Grays Ave,215-546-1232,SHARE FOOD PROGRAM,19143,,Food Site,,Active,https://www.sharefoodprogram.org/,,,,,,,,,,,,,,,,,,,,,,,09:30:00,14:00:00,,,Open on the first and third Fridays of the month,,,,,,,,,,,,
1492,Mighty Writers West,3520 Fairmount Ave.,215-387-1066,PHILABUNDANCE/SHARE FOOD PROGRAM,19104,,Food Site,,Active,https://www.sharefoodprogram.org/,,,12:00:00,13:30:00,,,,12:00:00,13:30:00,,,,12:00:00,13:30:00,,,,12:00:00,13:30:00,,,,12:00:00,13:30:00,,,,,,,,,,,,,,,
1493,First Haitian Church of God of Prophecy,199 E. Tabor Ave.,267-971-8886,SHARE FOOD PROGRAM,19120,,Food Site,,Active,https://www.sharefoodprogram.org/,,,,,,,,,,,,,,,,,,,,,,,10:30:00,12:30:00,,,Open on first and third Fridays of the month,,,,,,,,,,,,
1518,,,,,,,,,,,,,,,,,,,,,,,,,,,,,,,,,,,,,,,,,,,,,,,,,
1706,Epiphany Fellowship Church Community Fridge,1632 W Diamond St,,Community Refrigerators,19121,,Food Site,,Active,https://www.sharefoodprogram.org/,,,,,,,,,,,,,,,,,,,,,,,,,,,,,,,,,,,,,,,
1707,Friends Pantry & Community Fridge,320 Arch Street,(267) 334-0433,Community Refrigerators,19106,,Food Site,,Active,https://www.historicasmh.org/friendspantry,,,,,,,,,,,,,,,,,,,,,,,,,,,,,,,,,,,,,,,
1708,Mt. Airy Community Fridge,6900 Stenton Ave,,Community Refrigerators,19150,,Food Site,,Active,https://mtairyeats.wordpress.com/,,,,,,,,,,,,,,,,,,,,,,,,,,,,,,,,,,,,,,,
1709,St James School Community Fridge,3217 West Clearfield St,,Community Refrigerators,19132,,Food Site,,Active,https://www.friendsfridgephilly.com/volunteer,,,,,,,,,,,,,,,,,,,,,,,,,,,,,,,,,,,,,,,
1710,The People's Fridge,125 South 52nd St,,Community Refrigerators,19143,,Food Site,,Active,https://www.thepeoplesfridge.org/,,,,,,,,,,,,,,,,,,,,,,,,,,,,,,,,,,,,,,,
1716,Ian-Yae's In Touch,2524 N. 27th St.,267-254-9531,Office of Homeless Services,19132,,General Meal Site,,Active,https://www.phila.gov/departments/office-of-homeless-services/,,,,,,,,18:30:00,19:30:00,,,,,,,,,,,,,,,,,,,,,,,,,,,,,,
1717,Brothers of Strawberry Mansion Clifford St.,3223 W Clifford St,267-568-1163,SHARE FOOD PROGRAM,19121,,Food Site,,Active,https://www.sharefoodprogram.org/,,,09:30:00,11:00:00,,,,,,,,,,,,,,,,,,,,,,,,,,,,,,,,,,,
1718,"Food Pantry For Hope, Memorial Presbyterian Church of Fox Chase",7902 Oxford Ave.,215-745-2844,General Food Site,19111,,Food Site,,Active,https://sites.google.com/site/foxchasechurch/,,,,,,,,,,,,,,,,,,,,,,,,,,,,09:00,12:00,,,Open on second and fourth Saturdays of the month,,,,,,,
1720,Small Things Philly Market - House of Hope,1300 W. Hunting Park Ave,215-559-9212,Small Things Philly,19140,,Food Site,,Active,https://www.smallthingsphilly.org/,,,,,,,,,,,,,,,,,,,,,,,,,,,,10:00,12:00,,,,,,,,,,
1721,Operation Save Our City,2774 Kensington Ave,267-804-7166,Office of Homeless Services,19134,,General Meal Site,,Active,https://www.phila.gov/departments/office-of-homeless-services/,,,09:00:00,10:00:00,12:00:00,13:00:00,,09:00:00,10:00:00,12:00:00,13:00:00,,09:00:00,10:00:00,12:00:00,13:00:00,,09:00:00,10:00:00,12:00:00,13:00:00,,09:00:00,10:00:00,12:00:00,13:00:00,,,,,,,,,,,,,
1722,Center-Philadelphia/Arch Street United Methodist,55 N. Broad Street,215-568-6250,Office of Homeless Services,19107,,General Meal Site,,Active,https://www.phila.gov/departments/office-of-homeless-services/,,,,,,,,,,,,,,,,,,,,,,,,,,,,09:00,10:00,,,,,,,,,,
1724,La Salle College High School,Benjamin Franklin Parkway and Vine St. (Logan Square next to Pennypacker Memorial),(215) 233-2911,Office of Homeless Services,19103,,General Meal Site,,Active,https://www.phila.gov/departments/office-of-homeless-services/,,,,,,,,16:45:00,17:45:00,,,,,,,,,,,,,,,,,,,,,,,,,,,,,,
1725,"Feeding 5,000 a NJ Non-Profit Corp",Logan Square (200 N 19th St.),,Office of Homeless Services,19103,,General Meal Site,,Active,https://www.phila.gov/departments/office-of-homeless-services/,,,,,,,,,,,,,09:00:00,10:00:00,,,,,,,,,,,,,,,,,,,10:00:00,12:00:00,,,,,
1726,Beulah Baptist Church,Love Park (JFK Blvd and N 15th St.),"215-747-4544
",Office of Homeless Services,19102,,General Meal Site,,Active,https://www.phila.gov/departments/office-of-homeless-services/,,,,,,,,,,,,,,,,,,,,,,,,,,,,13:00,15:00,,,,,,,,,,
1727,Episcopal Community Service St. Barnabas Community Resource Center,6006 West Girard Ave,215-528-5400,SHARE FOOD PROGRAM,19151,,Food Site,,Active,https://www.sharefoodprogram.org/,,,,,,,,11:00:00,15:00:00,,,,11:00:00,15:00:00,,,,11:00:00,15:00:00,,,,11:00:00,15:00:00,,,,,,,,,,,,,,,
1728,Live to Serve,728 E Allegheny Ave,(215)-834-0779,Office of Homeless Services,19134,,General Meal Site,,Active,https://www.phila.gov/departments/office-of-homeless-services/,,,,,,,,,,,,,,,,,,,,,,,,,,,,10:00,13:00,15:00:00,17:00:00,,,,,,,,
1729,The Welcome Church,200 N 19th St (Logan Square),(215) 233-2911,Office of Homeless Services,19103,,General Meal Site,,Active,https://www.phila.gov/departments/office-of-homeless-services/,,,,,,,,16:45:00,17:45:00,,,,,,,,,,,,,,,,,,,,,,,,,,,,,,
1730,Community of Compassion Inc.,2111 Sansom St,"302-463-0542
",Office of Homeless Services,19103,,General Meal Site,,Active,https://www.phila.gov/departments/office-of-homeless-services/,,,12:45:00,13:45:00,,,,,,,,,,,,,,,,,,,,,,,,,,,,,,,,,,,
1731,Bread of Life,North 17th St. and Benjamin Franklin Parkway,215-232-3900,Office of Homeless Services,19103,,General Meal Site,,Active,https://www.phila.gov/departments/office-of-homeless-services/,,,,,,,,,,,,,,,,,,,,,,,,,,,,,,,,,13:30:00,14:30:00,,,,,
1732,The Table - Calvary Vision,Kensington Ave. and E. Sergeant St.,267-312-0284,Office of Homeless Services,19125,,General Meal Site,,Active,https://www.phila.gov/departments/office-of-homeless-services/,,,,,,,,,,,,,,,,,,,,,,,,,,,,,,,,,,,,,,,
1733,Lutheran Settlement House (Frankford Ave.),1340 Frankford Ave,215-426-8610,Office of Homeless Services,19125,,General Meal Site,,Active,https://www.phila.gov/departments/office-of-homeless-services/,,,11:00:00,12:00:00,,,,11:00:00,12:00:00,,,,11:00:00,12:00:00,,,,11:00:00,12:00:00,,,,11:00:00,12:00:00,,,,,,,,,,,,,,,
1734,Lutheran Settlement House (Lehigh Ave.),1007 W Lehigh Ave,215-387-2587,Office of Homeless Services,19133,,General Meal Site,,Active,https://www.phila.gov/departments/office-of-homeless-services/,,,07:00:00,17:30:00,,,"Open for Breakfast 7:00-8:30, Lunch 12:00-1:30, and Dinner 4:00-5:30",07:00:00,17:30:00,,,"Open for Breakfast 7:00-8:30, Lunch 12:00-1:30, and Dinner 4:00-5:30",07:00:00,17:30:00,,,"Open for Breakfast 7:00-8:30, Lunch 12:00-1:30, and Dinner 4:00-5:30",07:00:00,17:30:00,,,"Open for Breakfast 7:00-8:30, Lunch 12:00-1:30, and Dinner 4:00-5:30",07:00:00,17:30:00,,,"Open for Breakfast 7:00-8:30, Lunch 12:00-1:30, and Dinner 4:00-5:30",07:00,17:30,,,"Open for Breakfast 7:00-8:30, Lunch 12:00-1:30, and Dinner 4:00-5:30",07:00:00,17:30:00,,,"Open for Breakfast 7:00-8:30, Lunch 12:00-1:30, and Dinner 4:00-5:30",,
1735,"Whitman Council, Inc",2455 S. 3rd Street,(215) 468-4056,SHARE FOOD PROGRAM,,,Food Site,,Permanently Closed,https://www.sharefoodprogram.org/,,,12:00:00,14:00:00,,,,,,,,,,,,,,12:00:00,14:00:00,,,,,,,,,,,,,,,,,,,,yes
1736,Bethel Presbyterian Church,1900 W York St.,215-228-0328,PHILABUNDANCE,19132,,Food Site,,Active,https://www.philabundance.org/,,,,,,,,,,,,,,,,,,12:00:00,14:00:00,,,,,,,,,,,,,,,,,,,,
1737,Beulah Baptist Church,5001 Spruce St.,(215) 747-4544,PHILABUNDANCE,19139,,Food Site,,Active,https://www.philabundance.org/,,,,,,,,,,,,,,,,,,,,,,,,,,,,10:00,14:00,,,,,,,,,,
1738,Bible Way Baptist Church,1323 N 52nd St.,(215) 477-0778,PHILABUNDANCE,19131,,Food Site,,Active,https://www.philabundance.org/,,,,,,,,12:00:00,14:00:00,,,,,,,,,,,,,,,,,,,,,,,,,,,,,,
1739,Bridesburg United Methodist Church,2717-2719 Kirkbride St.,215-288-7505,PHILABUNDANCE,19137,,Food Site,,Active,https://www.philabundance.org/,,,,,,,,11:00:00,14:00:00,,,,,,,,,,,,,,,,,,,,,,,,,,,,,,
1740,Bright Hope Baptist Church,1601 N 12th St.,(215) 232-6004,PHILABUNDANCE,19122,,Food Site,,Active,https://www.philabundance.org/,,,10:00:00,13:00:00,,,,10:00:00,13:00:00,,,,10:00:00,13:00:00,,,,10:30:00,13:00:00,,,Open every other Thursday of the month,10:30:00,13:00:00,,,Open every other Friday of the month,,,,,,,,,,,,
1741,Champlost Homes Tenant Council,1953 W Nedro Ave.,(267) 800-8686,PHILABUNDANCE,19141,,Food Site,,Active,https://www.philabundance.org/,,,,,,,,,,,,,12:00:00,13:00:00,,,,,,,,,12:00:00,13:00:00,,,,,,,,,,,,,,,
1742,Children's Mission Inc,2200 Germantown Ave.,910-508-2340,PHILABUNDANCE,19133,,Food Site,,Active,https://www.philabundance.org/,,,,,,,,10:00:00,13:00:00,,,,,,,,,,,,,,,,,,,10:00,13:00,,,Open on the second Saturday of the month,,,,,,,
1743,Church of the Annunciation,324 Carpenter Ln.,215-844-3059,PHILABUNDANCE,19119,,Food Site,,Active,https://www.philabundance.org/,,,,,,,,11:00:00,14:00:00,,,,,,,,,,,,,,,,,,,,,,,,,,,,,,
1744,Church of the Holy Apostles,260 S 51st St.,215-472-3000,PHILABUNDANCE,19139,,Food Site,,Active,https://www.philabundance.org/,,,,,,,,,,,,,10:30:00,12:00:00,,,,,,,,,,,,,,,,,,,,,,,,,
1745,Church of the Redeemer Baptist,1440 S 24th St.,(215) 465-1230,PHILABUNDANCE,19146,,Food Site,,Active,https://www.philabundance.org/,,,,,,,,,,,,,,,,,,,,,,,,,,,,07:00,09:00,,,Open on the third Saturday of the month,,,,,,,
1746,Cornerstone Community Church,3176 Frankford Ave,(215) 426-3644,PHILABUNDANCE,19134,,Food Site,,Active,https://www.philabundance.org/,,,,,,,,,,,,,,,,,,09:30:00,11:30:00,,,,,,,,,,,,,,,,,,,,
1747,Germantown Avenue Crisis Ministry,35 W Chelten Ave,215-843-2340,PHILABUNDANCE,19144,,Food Site,,Active,https://www.philabundance.org/,,,,,,,,,,,,,,,,,,10:00:00,12:00:00,,,,,,,,,,,,,,,,,,,,
1748,Germantown SDA Church,W Chelten Ave. and Wayne Ave.,215-849-6967,PHILABUNDANCE,19144,,Food Site,,Active,https://www.philabundance.org/,,,,,,,,,,,,,,,,,,,,,,,,,,,,14:00,16:00,,,Open on the third Saturday of the month,,,,,,,
1749,Holy Redeemer Food Cupboard,12265 Townsend Rd.,215-856-1370,PHILABUNDANCE,19154,,Food Site,,Active,https://www.philabundance.org/,,,,,,,,08:00:00,10:30:00,,,,08:00:00,10:30:00,,,,08:00:00,10:30:00,,,,,,,,,,,,,,,,,,,,
1750,Jesus is the Light Ministries,2945 Wharton St.,,PHILABUNDANCE,19146,,Food Site,,Active,https://www.philabundance.org/,,,,,,,,08:00:00,12:00:00,,,Open on the fourth Tuesday of the month,,,,,,,,,,,,,,,,,,,,,,,,,,,
1751,Cast Your Cares,2436-2438 Kensington Ave,215-634-7445,PHILABUNDANCE,19125,,Food Site,,Active,https://www.philabundance.org/,,,,,,,,14:00:00,15:00:00,,,,,,,,,,,,,,,,,,,,,,,,,,,,,,
1752,Bethany Missionary Baptist Church,5749 Warrington Ave.,,PHILABUNDANCE,19143,,Food Site,,Active,https://www.philabundance.org/,,,,,,,,11:00:00,13:00:00,,,,,,,,,,,,,,,,,,,,,,,,,,,,,,
1753,Saint Edmond Senior Community Center,2130 S 21st St.,215-790-9530,PHILABUNDANCE,19145,,Food Site,,Active,https://www.philabundance.org/,,,,,,,,13:00:00,16:00:00,,,,,,,,,,,,,,13:00:00,16:00:00,,,,,,,,,,,,,,,
1754,Add B. Anderson School,1034 S 60th St.,(215) 400-7890,PHILABUNDANCE,19143,,Food Site,,Active,https://www.philabundance.org/,,,,,,,,,,,,,13:30:00,15:30:00,,,Open every other Wednesday,,,,,,,,,,,,,,,,,,,,,,
1755,Hamilton Disston School,6801 Cottage St.,(215) 400-3350,PHILABUNDANCE,19135,,Food Site,,Active,https://www.philabundance.org/,,,14:00:00,15:30:00,,,,,,,,,,,,,,,,,,,,,,,,,,,,,,,,,,,
1756,Mount Enon Baptist Church,500 Snyder Ave.,(215) 334-2844,PHILABUNDANCE,19148,,Food Site,,Active,https://www.philabundance.org/,,,,,,,,,,,,,14:00:00,17:00:00,,,Open on the second Wednesday of the month,,,,,,,,,,,12:00,13:00,,,Open on the third Saturday of the month.,,,,,,,
1757,New Beginnings Pentecostal,502 E Haines St.,215-843-2727,PHILABUNDANCE,19144,,Food Site,,Active,https://www.philabundance.org/,,,,,,,,,,,,,,,,,,,,,,,,,,,,,,,,,15:00:00,15:20:00,,,,,
1758,New Beginnings Pentecostal - Mt. Vernon Manor,631 N. 39th St.,,PHILABUNDANCE,19104,,Food Site,,Active,https://www.philabundance.org/,,,,,,,,,,,,,08:30:00,09:30:00,,,,,,,,,,,,,,,,,,,,,,,,,
1759,New Life SDA Church,4727 N Broad St.,(215) 457-8321,PHILABUNDANCE,19141,,Food Site,,Active,https://www.philabundance.org/,,,,,,,,,,,,,,,,,,07:30:00,12:00:00,,,,13:00:00,14:00:00,,,,,,,,,,,,,,,
1760,Philly Peace in Progress,3320 Haverford Ave.,(267)-529-7255,PHILABUNDANCE,19104,,Food Site,,Active,https://www.philabundance.org/,,,,,,,,,,,,,17:00:00,19:30:00,,,,,,,,,,,,,,,,,,,,,,,,,
1761,Puentes de Salud,1700 South St.,215-454-8000,PHILABUNDANCE,19147,,Food Site,,Active,https://www.philabundance.org/,,,12:30:00,16:30:00,17:30:00,19:30:00,,,,,,,12:30:00,16:30:00,17:30:00,19:30:00,,10:30:00,15:00:00,,,,,,,,,,,,,,,,,,,,
1762,Redeeming Love Worship Center,5617 Walnut St.,(215) 472-0780,PHILABUNDANCE,19139,,Food Site,,Active,https://www.philabundance.org/,,,,,,,,,,,,,,,,,,,,,,,,,,,,10:00,13:00,,,Open on the first and third Saturdays of the month,,,,,,,
1763,Wayland Temple Baptist Church,2500 Cecil B. Moore Ave.,(215) 769-0243,PHILABUNDANCE,19121,,Food Site,,Active,https://www.philabundance.org/,,,,,,,,,,,,,,,,,,,,,,,,,,,,09:30,10:30,,,Open on the third Saturday of the month,,,,,,,
1764,West Philadelphia SDA,4527 Haverford Ave.,(215) 222-5707,PHILABUNDANCE,19139,,Food Site,,Active,https://www.philabundance.org/,,,,,,,,,,,,,,,,,,,,,,,,,,,,,,,,,11:00:00,13:00:00,,,Open on the fourth Sunday of the month,,
1765,Richard R. Wright School,2700 Dauphin St.,(215) 400-7030,PHILABUNDANCE,19132,,Food Site,,Active,https://www.philabundance.org/,,,,,,,,,,,,,,,,,,,,,,,14:00:00,15:00:00,,,,,,,,,,,,,,,
1766,Saint Mark's Food Cupboard,1625 Locust St.,215-735-1416,PHILABUNDANCE,19103,,Food Site,,Active,https://www.philabundance.org/,,,,,,,,,,,,,,,,,,09:30:00,11:00:00,,,,09:30:00,11:00:00,,,,,,,,,,,,,,,
1767,Saint Paul's Outreach,5900 N 5th St.,,PHILABUNDANCE,19120,,Food Site,,Active,https://www.philabundance.org/,,,,,,,,09:00:00,12:00:00,,,,09:00:00,12:00:00,,,,09:00:00,12:00:00,,,,,,,,,,,,,,,,,,,,
1768,Saint Peter's Food Cupboard,313 Pine St.,(215) 925-5968,PHILABUNDANCE,19106,,Food Site,,Active,https://www.philabundance.org/,,,,,,,,,,,,,,,,,,,,,,,,,,,,08:00,10:00,,,,,,,,,,
1769,Salvation Army Rising Sun,5830 Rising Sun Ave.,215-742-8992,PHILABUNDANCE,19120,,Food Site,,Active,https://www.philabundance.org/,,,,,,,,,,,,,,,,,,10:00:00,13:00:00,,,,,,,,,,,,,,,,,,,,
1770,Salvation Army Tabernacle,3150 N Mascher St.,215-423-9300,PHILABUNDANCE,19133,,Food Site,,Active,https://www.philabundance.org/,,,13:00:00,14:00:00,,,,13:00:00,14:00:00,,,,13:00:00,14:00:00,,,,13:00:00,14:00:00,,,,,,,,,,,,,,,,,,,,
1771,Solomon Temple,602 W Erie Ave.,(215) 223-1475,PHILABUNDANCE,19140,,Food Site,,Active,https://www.philabundance.org/,,,,,,,,,,,,,08:30:00,10:30:00,,,,,,,,,,,,,,,,,,,,,,,,,
1772,Somerton Food Bank,510 Somerton Ave.,215-673-1117,PHILABUNDANCE,19116,,Food Site,,Active,https://www.philabundance.org/,,,09:30:00,12:00:00,,,,,,,,,09:30:00,12:00:00,,,,,,,,,,,,,,,,,,,,,,,,,
1773,Summer Homes for Hope,814 N 41st St.,,PHILABUNDANCE,19104,,Food Site,,Active,https://www.philabundance.org/,,,12:00:00,18:00:00,,,,,,,,,,,,,,,,,,,,,,,,,,,,,,,,,,,
1774,Association of Former Gang Members,1801 W Diamond St,215-980-1151,SHARE FOOD PROGRAM,19121,,Food Site,,Active,"https://www.sharefoodprogram.org/
",,,,,,,,,,,,,10:30:00,12:30:00,,,Open on the second and fourth Wednesays of the month,,,,,,,,,,,,,,,,,,,,,,
